ax,ay,az,gx,gy,gz
0.572266,-0.246094,-0.194092,-201.103195,-75.386047,-249.992355
0.614014,-0.20752,-0.209473,-200.317368,-85.510246,-249.992355
0.607422,-0.176025,-0.213379,-196.830734,-92.338554,-249.992355
0.544434,-0.135986,-0.188232,-190.933212,-94.108574,-249.992355
0.498291,-0.094482,-0.167969,-185.241684,-90.5075,-249.992355
0.411133,-0.063721,-0.143066,-180.435165,-81.878654,-249.992355
0.279541,-0.025635,-0.080078,-178.749069,-71.640015,-249.992355
0.228271,0.058594,-0.057617,-184.112534,-63.751217,-249.992355
0.270996,0.154297,-0.078857,-191.963181,-58.563229,-249.214157
0.354492,0.230713,-0.137451,-193.130478,-58.830257,-240.257248
0.348389,0.253662,-0.189697,-184.669479,-59.722897,-227.25676
0.303955,0.27417,-0.17627,-172.225937,-57.960506,-213.630661
0.185303,0.309082,-0.120605,-161.888107,-52.864071,-199.874863
0.102783,0.35083,-0.143066,-155.181885,-47.508236,-187.782272
0.077148,0.39502,-0.191895,-152.366638,-43.212887,-177.841171
0.068848,0.450195,-0.182861,-151.985168,-42.716976,-166.648849
0.084473,0.505371,-0.141357,-151.329041,-47.019955,-153.137207
0.079346,0.540039,-0.147217,-149.093628,-52.474972,-136.917114
0.049316,0.556396,-0.165039,-142.425537,-52.795406,-122.352592
0.04541,0.580322,-0.130371,-129.821777,-44.105526,-111.251823
0.005859,0.618164,-0.019775,-117.378227,-27.770994,-100.669853
-0.025391,0.686523,0.090332,-106.895439,-9.94873,-90.988152
-0.023926,0.753174,0.184082,-98.297112,9.170532,-82.412712
-0.009277,0.80835,0.269775,-92.338554,26.756285,-73.608398
-0.009033,0.831055,0.314941,-83.366386,40.954586,-64.605713
0.017578,0.826172,0.325439,-67.7948,53.237911,-57.418819
0.050537,0.821045,0.339355,-46.440121,66.055298,-52.635189
0.063965,0.847656,0.397705,-20.866392,81.794731,-49.919125
0.124268,0.887207,0.470703,7.240295,101.913445,-50.094601
0.184814,0.924561,0.557617,32.577515,125.808708,-51.628109
0.232422,0.972412,0.674561,57.044979,146.789551,-51.811214
0.303711,1.003174,0.809082,83.961479,162.528976,-50.209042
0.392578,1.013672,0.934326,112.716667,171.943649,-49.758907
0.393311,0.999756,0.930664,148.757935,181.76268,-56.091305
0.28125,0.960938,0.906494,196.00676,205.215439,-75.073242
0.276611,0.932129,0.914795,244.369492,239.21965,-97.465508
0.267334,0.908936,0.841553,249.992355,249.992355,-113.403313
0.182861,0.850586,0.72998,249.496445,249.992355,-117.622368
0.125,0.77417,0.611572,249.786362,249.702438,-112.319939
0.113037,0.664795,0.492432,249.992355,249.992355,-102.72216
0.077881,0.505859,0.369873,249.992355,249.992355,-86.189262
0.238281,0.128906,1.174805,249.992355,243.118271,-65.864563
1.237549,-4.896484,-3.833496,61.134335,182.350143,-121.6278
0.128906,2.381836,-7.380859,-249.992355,-54.695126,-0.022888
0.31543,0.959229,-2.043945,102.97393,-249.992355,205.909714
0.202393,0.790771,-1.182129,64.361572,-156.524658,105.339043
-0.552734,1.072754,-1.865479,-30.509947,13.404845,69.343567
0.068848,1.404297,-0.811035,5.393981,28.07617,124.824516
-0.309326,1.761475,-0.518799,-11.71112,79.25415,99.601738
-0.359375,1.503174,-0.548096,15.121459,81.230156,55.702206
-0.1521,1.147217,-0.245361,54.809566,68.000793,43.441769
0.117432,0.906982,-0.34375,67.9245,70.716858,26.43585
0.328613,0.702148,-0.561768,68.893433,74.317932,6.79779
0.36084,0.582031,-0.695068,65.101624,70.075989,6.340026
0.453369,0.540527,-0.726074,58.975216,61.851498,6.134033
0.516602,0.552979,-0.714355,51.261898,60.577389,3.517151
0.574707,0.593018,-0.687256,35.385132,55.191036,0.099182
0.569824,0.638428,-0.746094,11.573791,44.624325,0.862122
0.467041,0.648926,-0.891113,-10.276793,25.077818,3.410339
0.414795,0.547607,-1.002441,-27.938841,0.572205,3.211975
0.344482,0.375244,-1.11084,-55.488583,-14.47296,-1.403808
0.260498,0.256348,-1.235352,-102.523796,-21.362303,-6.355285
0.291748,0.327637,-1.354736,-155.349731,-20.950315,-5.149841
0.287842,0.457764,-1.342285,-188.171371,-20.942686,3.52478
0.231445,0.513916,-1.240723,-204.025253,-29.998777,8.003235
0.197021,0.527832,-1.133057,-216.491684,-46.455379,9.872437
0.185791,0.553955,-1.018066,-228.698715,-65.292358,14.869689
0.22168,0.601807,-0.907227,-236.923203,-83.412163,20.935057
0.260986,0.611084,-0.795654,-238.174423,-98.609917,24.703978
0.270508,0.592773,-0.66333,-240.211472,-112.17498,29.861448
0.232178,0.583496,-0.535645,-245.452866,-122.909538,35.690308
0.202881,0.594238,-0.409424,-249.832138,-129.837036,38.032532
0.233643,0.615723,-0.293457,-249.992355,-132.209778,36.613464
0.309082,0.637695,-0.220459,-249.93895,-133.499146,34.996033
0.384766,0.643311,-0.167236,-249.526962,-141.647339,35.682678
0.44873,0.639893,-0.101563,-246.917709,-159.339905,37.490845
0.470947,0.648438,-0.038086,-240.219101,-183.082565,41.343685
0.45459,0.661377,0.027588,-226.11998,-208.106979,45.448299
0.408203,0.681152,0.0979,-209.655746,-227.981552,47.340389
0.370117,0.74292,0.175293,-195.487961,-238.395676,48.797604
0.43457,0.803467,0.28125,-181.480392,-242.431625,49.453732
0.494629,0.854004,0.382568,-171.897873,-243.423447,49.369808
0.519287,0.913818,0.436768,-163.711533,-244.934067,48.912045
0.552979,0.969727,0.452148,-151.512146,-246.078476,47.439571
0.575684,1.020996,0.469971,-134.83429,-243.576035,45.974728
0.57959,1.050293,0.503418,-114.501945,-235.473618,42.884823
0.586182,1.0625,0.56665,-95.756523,-219.543442,37.04834
0.573486,1.064209,0.626709,-79.994202,-193.290695,29.121397
0.553467,1.067871,0.677246,-66.452026,-159.347534,19.477844
0.542969,1.077637,0.7146,-54.557796,-123.184196,9.788513
0.528564,1.077637,0.722412,-43.006893,-89.11895,1.266479
0.516357,1.06543,0.705322,-31.249998,-58.464046,-7.499694
0.495605,1.04541,0.648438,-21.278379,-32.661438,-15.274047
0.456055,1.022705,0.557373,-11.650084,-13.648986,-20.294188
0.418213,1.000732,0.484863,-2.296448,-0.976562,-23.635862
0.361572,0.993896,0.431641,5.783081,7.637023,-25.596617
0.335938,0.996094,0.391113,13.702392,14.183043,-26.81732
0.342529,0.987549,0.369141,21.850584,21.430967,-28.236387
0.327393,0.97168,0.354736,28.556822,30.143736,-29.396055
0.313721,0.958496,0.352783,35.552979,38.787842,-29.937742
0.339355,0.94165,0.358643,43.228146,47.927853,-30.494688
0.359619,0.938477,0.374512,49.98016,57.891842,-30.509947
0.366455,0.935303,0.359863,57.41119,67.9245,-29.869078
0.351318,0.937012,0.334473,65.231323,78.399658,-30.09033
0.320557,0.936035,0.32666,73.524475,90.652458,-33.226013
0.337158,0.943359,0.36499,82.237236,105.438225,-38.162231
0.403564,0.954102,0.444824,90.675346,123.085014,-42.381283
0.45874,0.983643,0.516846,98.892204,142.120361,-45.127865
0.488037,1.00415,0.553467,109.619133,160.171509,-48.004147
0.489258,0.989746,0.55127,122.352592,176.452621,-50.582882
0.438477,0.953369,0.52002,136.207581,189.582809,-54.664608
0.389648,0.918457,0.532959,150.665283,199.455246,-61.111446
0.419678,0.902832,0.598389,166.603073,209.579453,-69.252014
0.518799,0.889648,0.687744,185.386642,225.395187,-78.620911
0.676025,0.846436,0.745117,212.768539,246.818527,-92.460625
0.791748,0.781006,0.72168,246.963486,249.992355,-115.119926
0.731201,0.716064,0.624512,249.992355,249.793991,-135.307312
0.629395,0.647461,0.545654,249.572739,249.885544,-141.166687
0.541992,0.60376,0.406982,249.862656,249.992355,-134.902954
0.457275,0.580078,0.209961,249.992355,249.992355,-119.186394
0.333984,0.530762,0.034424,249.992355,249.992355,-106.559746
0.191162,0.407715,0.084473,249.992355,249.992355,-95.352165
0.432617,0.188232,0.712646,249.992355,243.13353,-66.268921
2.590576,-4.561035,-4.463623,69.381714,129.211426,-133.56781
-0.637451,2.919922,-6.48999,-249.328598,-157.836914,50.315853
0.013184,1.260742,-1.463379,178.077682,-249.992355,217.54454
0.245605,0.534424,-0.312012,83.816521,-150.215149,55.160519
-0.755371,1.365479,-1.888184,-128.40271,24.54376,35.858154
-0.219971,1.756348,-1.092529,-104.164116,35.987854,98.487846
-0.433594,1.879395,-0.411621,-69.046021,91.430656,55.641171
-0.317139,1.429932,-0.481689,16.960144,109.497063,-19.058228
-0.053955,0.793457,-0.269287,72.776794,94.123833,-13.244628
0.248535,0.449463,-0.352783,60.897823,82.214348,12.702941
0.524414,0.354492,-0.535645,33.065796,59.860226,4.478455
0.574219,0.403564,-0.612305,22.796629,25.413511,7.698059
0.603271,0.535156,-0.576172,19.081116,-16.151428,33.317566
0.499268,0.716309,-0.574951,10.528563,-42.686459,49.606319
0.328125,0.868896,-0.593018,5.577087,-51.132198,43.708797
0.14209,0.929688,-0.622559,11.466979,-41.725155,35.545349
0.085938,0.85376,-0.723877,21.278379,-26.031492,31.60095
0.158691,0.648193,-0.758301,27.656553,-10.810851,29.106138
0.23584,0.367676,-0.789551,25.070189,-3.860473,32.569885
0.282471,0.117188,-1.041504,-10.169982,3.90625,30.029295
0.365234,0.045898,-1.233643,-70.739746,16.593933,22.78137
0.397217,0.192383,-1.23999,-129.875183,17.616272,24.79553
0.376953,0.346436,-1.248779,-170.082077,-4.074097,36.186218
0.304199,0.486572,-1.164307,-190.765366,-30.235289,45.478817
0.210693,0.602051,-1.042725,-203.514084,-48.416134,51.025387
0.177734,0.654541,-0.954102,-214.576706,-61.31744,54.534908
0.209961,0.651367,-0.880615,-224.113449,-68.817139,59.265133
0.249512,0.624512,-0.780029,-230.361923,-72.509766,68.603516
0.272461,0.610107,-0.702148,-234.664902,-75.378418,76.148987
0.256104,0.601563,-0.651611,-238.815292,-78.346252,78.529358
0.239258,0.607178,-0.585449,-238.08287,-81.93969,77.964783
0.2854,0.601807,-0.446289,-229.89653,-82.031242,74.386597
0.366455,0.58374,-0.268799,-220.214828,-77.018738,68.595886
0.471436,0.556396,-0.138428,-211.616501,-74.729919,64.155579
0.538086,0.560059,-0.018555,-206.45903,-81.207268,64.529419
0.552979,0.604492,0.082031,-202.537521,-96.481316,67.756653
0.550293,0.671875,0.099365,-200.28685,-113.853447,70.808411
0.551514,0.756104,0.095703,-198.966965,-130.783081,74.806213
0.548096,0.812744,0.125488,-194.953903,-147.529602,76.86615
0.555176,0.833496,0.195313,-188.522324,-162.368759,74.058533
0.592529,0.855713,0.26001,-178.665146,-170.387253,68.359375
0.602539,0.87085,0.313477,-165.405258,-170.196518,63.171383
0.613525,0.887207,0.359375,-155.36499,-167.694077,60.8139
0.628906,0.915283,0.385986,-148.925781,-164.085373,59.104916
0.611328,0.945801,0.411865,-144.104004,-159.858704,57.357784
0.574951,0.979248,0.412598,-139.900208,-153.312683,52.742001
0.544434,1.005859,0.398193,-133.224487,-140.769958,44.540401
0.536621,0.998535,0.362305,-122.695915,-123.161308,35.949707
0.539063,0.970947,0.321289,-111.54937,-105.323784,29.495237
0.568604,0.952393,0.30542,-100.196831,-90.034477,22.392271
0.589355,0.941162,0.300537,-88.577263,-74.409485,14.808654
0.621338,0.935059,0.311768,-77.407837,-60.234066,9.82666
0.638916,0.937012,0.322754,-67.710876,-49.629208,6.217956
0.61792,0.936035,0.309082,-58.906551,-43.30444,3.204345
0.587402,0.934326,0.311768,-50.178524,-40.367123,-0.236511
0.552246,0.928223,0.29126,-42.808529,-38.116455,-5.41687
0.501709,0.911621,0.268066,-37.391663,-36.712646,-8.872986
0.481201,0.905029,0.246094,-33.195496,-37.315369,-10.398864
0.489258,0.902344,0.209473,-29.243467,-39.154053,-11.566161
0.497314,0.893555,0.172852,-25.756834,-42.152401,-12.420653
0.476074,0.880127,0.1521,-22.918699,-45.532223,-13.038634
0.442139,0.875488,0.147461,-21.171568,-48.995968,-13.458251
0.455566,0.885986,0.174316,-18.127441,-51.933285,-13.641356
0.463867,0.888428,0.191162,-14.488219,-52.536007,-14.663695
0.421387,0.890869,0.193359,-12.168883,-50.903316,-16.021729
0.417236,0.902344,0.19165,-11.024474,-47.660824,-17.494202
0.446777,0.901611,0.199219,-10.368346,-40.855404,-19.104004
0.459961,0.903564,0.218018,-9.872437,-33.622742,-20.507811
0.491211,0.907471,0.238525,-8.476257,-29.418943,-21.766661
0.48291,0.914063,0.239502,-6.660461,-25.337217,-22.293089
0.424805,0.927979,0.247559,-3.837585,-19.340515,-21.690367
0.39624,0.9375,0.26709,0.305176,-10.414123,-22.308348
0.386475,0.93457,0.264404,5.691528,3.250122,-24.993895
0.401611,0.926514,0.2771,11.741637,17.074585,-27.938841
0.442627,0.920898,0.325195,17.074585,27.19879,-29.777525
0.488525,0.922607,0.393311,22.079466,32.394409,-30.540464
0.518311,0.931396,0.488525,26.954649,35.041809,-31.173704
0.525635,0.939697,0.579346,32.562256,40.412899,-32.37915
0.497803,0.943115,0.623047,41.381832,54.725643,-35.842896
0.495361,0.941406,0.657471,55.679317,79.605103,-41.641232
0.559814,0.93457,0.707275,73.829651,109.886162,-48.21014
0.647949,0.925537,0.746338,93.116753,135.292053,-54.229733
0.67334,0.921875,0.779541,111.572258,152.954102,-58.021542
0.650879,0.915283,0.829102,132.072449,165.016159,-60.134884
0.665039,0.907715,0.884277,154.197693,176.528915,-63.697811
0.652588,0.873291,0.915039,177.841171,192.237839,-69.007874
0.618896,0.820068,0.935547,204.910263,208.900436,-74.584961
0.641113,0.750488,0.942383,237.014755,224.075302,-80.825798
0.681152,0.679932,0.943604,249.992355,239.196762,-88.798515
0.743408,0.639893,0.969482,249.992355,249.992355,-98.81591
0.806152,0.597168,0.972168,249.671921,249.992355,-109.893791
0.763916,0.520996,0.925537,249.992355,249.80925,-118.591301
0.600586,0.403809,0.804688,249.992355,249.992355,-120.414726
0.428711,0.250488,0.599121,249.992355,249.992355,-113.891594
0.321533,0.086426,0.467041,249.992355,249.992355,-100.593559
0.333496,-0.010742,0.437988,249.992355,237.777695,-83.938591
0.323975,-0.04248,0.481445,249.992355,194.847092,-68.389893
2.033936,-4.298828,-1.120117,164.352402,136.58905,-101.119987
-1.235596,1.927734,-7.999756,-249.992355,37.117004,-24.330137
-0.987549,1.529297,-3.60376,59.371944,-193.10759,249.992355
1.082764,0.269043,-0.606445,178.009018,-106.201164,124.999992
0.039795,1.1604,-1.737061,-85.784904,39.405823,48.019405
0.390137,1.423828,-1.447266,-77.545166,1.670837,221.145615
-0.35498,1.623779,-0.633301,-30.448912,18.356323,234.359726
-0.869141,1.594482,-0.585449,2.532959,70.541382,68.916321
-0.023438,1.194092,-0.17627,73.58551,84.014885,-3.005981
0.382568,0.840332,-0.073486,89.775078,129.928589,35.362244
0.523438,0.604492,-0.258301,69.633484,158.439636,57.78503
0.599609,0.423584,-0.272461,68.893433,169.601425,57.434078
0.909668,0.290283,-0.282715,71.083069,165.206894,54.748531
1.0,0.247314,-0.295166,62.881466,149.353027,48.347469
0.884521,0.346436,-0.32666,42.823788,112.167351,48.797604
0.732666,0.529785,-0.304932,21.751402,67.871094,62.377926
0.500488,0.705322,-0.335693,13.084411,43.724056,77.270508
0.307861,0.777832,-0.393555,10.31494,42.66357,83.793633
0.202881,0.725098,-0.461426,7.255554,54.550167,88.256828
0.127441,0.573242,-0.509277,5.081176,70.236206,96.107475
0.096924,0.404053,-0.560547,0.793457,85.029594,102.790825
0.210205,0.271973,-0.623779,-6.126403,98.922722,108.489983
0.394775,0.202393,-0.626465,-11.436461,112.602226,113.891594
0.516357,0.189453,-0.602051,-11.650084,116.554253,116.432182
0.577148,0.223877,-0.516113,-11.482238,104.942314,118.057243
0.667725,0.331299,-0.405029,-18.478394,84.220879,115.730278
0.664551,0.450195,-0.34375,-25.382994,71.69342,107.849113
0.622559,0.475342,-0.325439,-19.485474,61.508175,106.437675
0.591309,0.409668,-0.320068,-4.730225,50.10223,116.950981
0.611572,0.285156,-0.387207,5.340576,39.054871,129.837036
0.759033,0.184082,-0.46875,6.118774,22.796629,141.586304
0.957031,0.154053,-0.549805,4.53186,-0.946045,147.30835
1.147461,0.104248,-0.622314,10.490417,-20.606993,146.29364
1.261963,0.035156,-0.617188,26.245115,-29.830931,137.214661
1.239258,-0.007324,-0.562256,47.752377,-40.588375,133.522034
1.196777,-0.032715,-0.51416,66.749573,-61.157223,140.968323
1.084473,-0.071533,-0.454102,79.406738,-83.114616,148.124695
0.861084,-0.128662,-0.395752,81.405632,-99.357597,153.427124
0.667725,-0.185303,-0.355957,71.495056,-108.589165,161.468491
0.530518,-0.2229,-0.363037,44.471737,-103.622429,158.180237
0.506348,-0.178223,-0.519287,4.341125,-77.262878,133.308411
0.567139,-0.067871,-0.671143,-22.621153,-35.552979,108.5205
0.581787,-0.016357,-0.678223,-28.945921,9.918213,95.092766
0.665039,-0.018799,-0.650879,-27.053831,51.887508,84.480278
0.785645,-0.034912,-0.664551,-26.931761,86.006157,76.026917
0.846436,-0.047607,-0.683594,-30.799864,105.102531,77.674866
0.87085,-0.046631,-0.657959,-35.827637,108.505241,86.822502
0.865723,-0.041016,-0.611328,-39.573669,104.62188,93.269341
0.898438,-0.043213,-0.578857,-42.549129,98.785393,95.252983
0.921143,-0.060059,-0.546143,-46.745296,93.14727,97.091667
0.944092,-0.075684,-0.498535,-52.093502,85.83831,100.097649
0.951172,-0.094971,-0.466553,-56.381222,77.697754,103.431694
0.934814,-0.126709,-0.427979,-60.203548,67.764282,106.842033
0.981689,-0.151611,-0.360352,-64.880371,57.334896,109.161369
1.026855,-0.164063,-0.287109,-69.084167,53.863522,105.957024
0.98291,-0.17627,-0.241699,-72.097778,60.478207,98.419182
0.919434,-0.188232,-0.211426,-75.035095,74.554443,94.017021
0.888672,-0.20166,-0.17041,-78.468323,95.344536,93.543999
0.873535,-0.205566,-0.155762,-81.710808,117.84362,97.602837
0.901855,-0.188721,-0.157471,-82.466118,128.723145,101.249687
0.927979,-0.178711,-0.1521,-78.865051,124.603264,101.051323
0.926758,-0.186768,-0.128906,-73.059082,108.818047,100.311272
0.885742,-0.203125,-0.077637,-67.78717,90.362541,101.928703
0.845703,-0.204346,-0.039307,-64.300537,73.890686,106.369011
0.819092,-0.204346,-0.017578,-61.119076,60.791012,111.434929
0.807373,-0.214355,0.010254,-57.777401,51.292416,116.897575
0.769531,-0.232666,0.023438,-54.580685,41.900631,123.573296
0.746582,-0.241699,0.040039,-51.261898,28.930662,132.774353
0.741699,-0.247803,0.053467,-46.783443,13.687133,142.921448
0.717285,-0.256348,0.05957,-41.000362,-1.968384,151.283264
0.666016,-0.269775,0.063232,-34.919739,-17.333984,159.439087
0.630859,-0.274414,0.090576,-28.938292,-31.181334,169.181808
0.620117,-0.260498,0.106201,-21.766661,-40.573116,178.474411
0.609863,-0.255859,0.095703,-12.672423,-45.753475,186.080917
0.665039,-0.274658,0.082764,-2.578735,-48.59161,192.840561
0.737305,-0.320801,0.06958,8.003235,-47.561642,196.983322
0.705322,-0.375244,0.049072,20.751951,-44.479366,198.974594
0.635254,-0.428955,0.033203,36.155701,-41.557308,203.468307
0.579102,-0.484863,0.037598,49.919125,-37.322998,211.853012
0.56958,-0.510254,0.05542,61.256405,-30.708311,220.19957
0.565918,-0.521729,0.060547,74.676514,-20.26367,223.693832
0.541016,-0.560059,0.061035,89.172356,-8.705139,225.204453
0.57373,-0.627441,0.085693,100.669853,0.831604,230.087265
0.74292,-0.718994,0.077148,110.061638,9.246826,235.168442
0.921143,-0.851563,0.009521,120.513908,16.654968,235.465988
0.990479,-0.981445,-0.070557,130.569458,16.197205,235.389694
0.960693,-1.067871,-0.116455,137.969971,5.752563,238.59404
0.899414,-1.11084,-0.128906,144.897461,-11.001586,242.538437
0.87915,-1.131836,-0.109619,149.429321,-29.800413,242.309555
0.851074,-1.150635,-0.108398,154.983521,-48.667904,237.663254
0.815674,-1.187988,-0.097168,163.978561,-65.574646,227.561935
0.786133,-1.2229,-0.06665,173.32457,-76.408386,212.936386
0.718994,-1.273682,-0.036377,175.056442,-76.942444,197.01384
0.666504,-1.323486,-0.006348,165.695175,-67.955017,185.935959
0.655029,-1.348145,0.011719,148.536682,-51.277157,177.055344
0.666748,-1.327148,0.018799,129.371643,-32.531738,165.649399
0.671875,-1.268311,-0.01709,109.992973,-15.3656,152.259827
0.623535,-1.203125,-0.085693,94.352715,5.180358,136.34491
0.590088,-1.176758,-0.142334,85.189812,30.754087,116.638176
0.60083,-1.188477,-0.178467,80.497734,57.067867,99.44915
0.615479,-1.171875,-0.202637,77.789307,78.163147,84.533684
0.63501,-1.112305,-0.2146,72.036743,90.492241,66.223145
0.634766,-1.063232,-0.23584,68.511963,96.382133,46.714779
0.61792,-1.036133,-0.231934,71.655273,96.656792,30.281065
0.644775,-1.026367,-0.184326,75.828552,90.110771,17.39502
0.668945,-1.026855,-0.134277,75.4776,78.384399,6.256103
0.660645,-1.018799,-0.088135,69.419861,61.515804,-1.76239
0.655273,-1.002441,-0.044434,60.340878,40.878292,-6.660461
0.636719,-0.980957,0.000732,49.186703,18.959045,-9.605408
0.594238,-0.950439,0.050781,36.849976,-1.861572,-11.932372
0.553223,-0.912109,0.100342,26.168821,-19.889832,-13.740539
0.54126,-0.882324,0.145996,18.089294,-34.927368,-14.595031
0.529053,-0.865234,0.186523,11.58142,-48.21777,-14.640807
0.51123,-0.855225,0.213135,4.79126,-61.56921,-13.809203
0.498779,-0.852295,0.219971,-2.975464,-74.905396,-12.21466
0.496826,-0.860596,0.202393,-11.375426,-88.958733,-8.766174
0.497803,-0.871582,0.19043,-20.957945,-104.515068,-2.777099
0.495361,-0.875,0.179932,-31.09741,-122.596733,4.524231
0.473877,-0.880859,0.170654,-40.443417,-140.975952,10.986327
0.427002,-0.890869,0.152832,-46.890255,-156.547546,15.007018
0.377686,-0.914307,0.14209,-49.301144,-167.854294,16.174316
0.348633,-0.939941,0.12915,-49.575802,-172.668442,15.556334
0.330566,-0.954102,0.106934,-48.072811,-172.897324,14.694213
0.330078,-0.963623,0.087646,-43.55621,-171.760544,12.817382
0.341553,-0.973633,0.074951,-37.322998,-171.760544,11.520385
0.361816,-0.982422,0.062256,-31.410215,-174.797043,12.031554
0.38208,-0.991455,0.05127,-25.024412,-182.159409,13.648986
0.378174,-1.010254,0.047607,-16.921997,-192.626938,13.923644
0.338135,-1.032227,0.074707,-9.460449,-200.759872,12.100219
0.289063,-1.041748,0.097168,-6.019592,-202.68248,11.116027
0.249023,-1.043213,0.105957,-4.066467,-196.517929,10.612487
0.244141,-1.04834,0.109131,-2.609253,-185.600266,8.171082
0.244141,-1.057861,0.104248,-2.426147,-175.239548,3.715515
0.240967,-1.063232,0.099121,-3.39508,-166.496262,-0.541687
0.240967,-1.065674,0.097412,-4.608154,-159.538269,-4.074097
0.242188,-1.060791,0.093018,-6.134033,-154.838562,-7.125854
0.227051,-1.06665,0.093994,-7.575988,-152.580261,-10.238647
0.201416,-1.066895,0.096191,-9.979248,-149.963379,-13.137816
0.17041,-1.05957,0.090332,-13.145446,-144.927979,-15.678405
0.146729,-1.042725,0.081543,-15.983581,-136.306763,-18.669128
0.140625,-1.027832,0.070557,-17.967224,-126.426689,-22.003172
0.131348,-1.014648,0.067383,-19.287109,-117.004387,-24.833677
0.117676,-0.99707,0.066162,-19.760132,-107.101433,-27.366636
0.104736,-0.986572,0.062744,-19.371033,-96.107475,-29.525755
0.105957,-0.988525,0.055664,-18.699646,-85.502617,-31.486509
0.111084,-0.997559,0.04834,-17.959595,-77.308655,-33.073425
0.108887,-1.004395,0.044434,-16.693115,-70.587158,-33.699036
0.114258,-1.003174,0.04126,-14.823913,-64.956665,-32.836914
0.125244,-0.993164,0.030518,-12.847899,-61.233517,-31.433104
0.138916,-0.984619,0.020752,-10.765075,-60.211178,-29.823301
0.144775,-0.979248,0.010498,-8.155823,-61.584469,-27.709959
0.144531,-0.980713,0.003662,-4.249573,-63.720699,-25.497435
0.145996,-0.979004,-0.003418,0.801086,-66.345215,-22.933958
0.142822,-0.975098,-0.01709,5.851745,-69.480896,-20.1416
0.135498,-0.970703,-0.03125,11.024474,-72.776794,-17.074585
0.119141,-0.962402,-0.041748,16.471863,-75.424194,-13.931273
0.091064,-0.950195,-0.051514,21.499632,-75.454712,-11.550902
0.068359,-0.934326,-0.064209,25.665281,-70.785522,-10.360717
0.054443,-0.916748,-0.071533,29.785154,-61.599728,-9.872437
0.055176,-0.910645,-0.077881,34.042358,-50.506588,-9.872437
0.055664,-0.916992,-0.082764,38.17749,-39.474487,-10.459899
0.055908,-0.918701,-0.084961,40.90118,-28.747557,-10.581969
0.056152,-0.916992,-0.089844,42.091366,-17.570496,-9.773254
0.059082,-0.909424,-0.09375,41.969296,-6.248474,-8.811951
0.06665,-0.899658,-0.093506,39.901733,4.348755,-7.736206
0.07373,-0.888184,-0.088379,36.872864,14.060973,-5.966186
0.084717,-0.870117,-0.078613,33.294678,22.598265,-3.715515
0.101563,-0.846924,-0.072754,28.938292,29.525755,-1.274109
0.113525,-0.828857,-0.065186,24.635313,35.011292,1.708984
0.121094,-0.825195,-0.064453,21.194456,39.573669,4.844666
0.130859,-0.836914,-0.06665,18.875122,43.189999,7.667541
0.139648,-0.859375,-0.067627,16.51001,46.035763,10.231017
0.147461,-0.882813,-0.065186,13.870238,48.416134,12.619018
0.153076,-0.907715,-0.055664,10.82611,50.888058,15.136718
0.163574,-0.93042,-0.042725,7.644653,53.512569,17.456055
0.175781,-0.947266,-0.035645,4.714966,56.068417,19.691467
0.188477,-0.967285,-0.045898,1.998901,58.876034,21.316526
0.203369,-1.000488,-0.066162,-1.098633,61.775204,22.239683
0.215332,-1.04541,-0.086914,-3.562927,63.987728,23.216246
0.224365,-1.093018,-0.09668,-4.981995,64.903259,24.223326
0.218262,-1.130127,-0.101807,-6.248474,66.841125,24.414061
0.210449,-1.153076,-0.101318,-7.591247,71.281433,22.445677
0.207275,-1.159912,-0.103027,-8.827209,78.468323,18.1427
0.204346,-1.164307,-0.110352,-10.421752,89.088432,12.260436
0.206299,-1.169434,-0.115967,-11.96289,101.959221,4.829407
0.22583,-1.172607,-0.104736,-13.679503,113.410942,-2.342224
0.251221,-1.162842,-0.095947,-16.372681,120.262138,-8.041382
0.270752,-1.138916,-0.089844,-19.325256,122.238152,-12.046813
0.282959,-1.107666,-0.086182,-21.514891,119.796745,-13.900756
0.289795,-1.074707,-0.081543,-22.369383,114.143364,-14.831542
0.29248,-1.046387,-0.077393,-21.965025,107.566826,-15.144347
0.303223,-1.033691,-0.07251,-20.851133,100.448601,-14.289855
0.318848,-1.022461,-0.075195,-19.40918,92.346184,-11.856078
0.331299,-1.010742,-0.073975,-17.982483,82.481377,-7.789611
0.340576,-1.001221,-0.056152,-16.792297,71.357727,-3.799438
0.341553,-0.992188,-0.034668,-16.799927,59.486385,0.1297
0.340088,-0.982178,-0.025391,-18.638611,48.904415,2.998352
0.336426,-0.976318,-0.02002,-21.110533,39.909363,5.355834
0.33374,-0.969727,-0.014648,-24.101255,31.135557,8.308411
0.329834,-0.965332,-0.013672,-26.496885,22.605894,11.810302
0.326172,-0.9646,-0.008789,-28.152464,14.396667,15.098571
0.317383,-0.962402,-0.010986,-29.342649,7.17926,18.501282
0.311768,-0.954834,-0.016357,-29.899595,1.770019,20.797728
0.297607,-0.94165,-0.010254,-29.724119,-1.38855,21.659849
0.283936,-0.937744,-0.011475,-28.945921,-1.25885,22.033689
0.27002,-0.945313,-0.020752,-27.122496,2.616882,21.751402
0.267334,-0.952637,-0.032715,-24.864195,8.613586,20.111082
0.273682,-0.953857,-0.05127,-23.109434,13.992309,16.685486
0.264893,-0.946533,-0.069336,-21.598814,19.515991,12.96997
0.262695,-0.943848,-0.078613,-19.073486,23.826597,8.537292
0.260742,-0.945313,-0.086182,-16.319275,26.618956,3.791809
0.251709,-0.947754,-0.095459,-14.183043,28.152464,-0.320435
0.256836,-0.951172,-0.104492,-11.894225,27.671812,-4.135132
0.261963,-0.948975,-0.103271,-9.925842,25.382994,-6.774902
0.262207,-0.936523,-0.10498,-8.720398,22.018431,-8.354187
0.266846,-0.925537,-0.106445,-7.92694,17.845154,-9.223938
0.268311,-0.917969,-0.10376,-6.950378,13.206481,-9.605408
0.270264,-0.911865,-0.095947,-6.233215,8.346558,-8.995056
0.274414,-0.901123,-0.092285,-6.782531,3.112793,-7.5531
0.27417,-0.895264,-0.086182,-7.408142,-2.525329,-5.935668
0.274414,-0.885498,-0.082031,-8.354187,-8.049011,-3.936767
0.273682,-0.878174,-0.080078,-9.506226,-13.626098,-1.922607
0.266846,-0.875732,-0.07666,-11.070251,-18.600464,-0.175476
0.258057,-0.873779,-0.074219,-12.519835,-22.834776,1.38092
0.251465,-0.875732,-0.069336,-13.763427,-26.519773,3.051758
0.244385,-0.880859,-0.070313,-14.98413,-29.975889,4.447937
0.237305,-0.885986,-0.071045,-16.075134,-33.294678,5.317688
0.23291,-0.893066,-0.063721,-16.639709,-36.621094,5.973815
0.225098,-0.9021,-0.05249,-16.372681,-39.611816,6.072998
0.217285,-0.916016,-0.04248,-15.258788,-41.946407,5.53894
0.210938,-0.942871,-0.038086,-13.534545,-43.350216,4.989624
0.20752,-0.973877,-0.034668,-11.497497,-44.296261,4.272461
0.203857,-1.001709,-0.035889,-9.689331,-44.81506,3.425598
0.201904,-1.021973,-0.04248,-8.44574,-44.998165,2.76947
0.199463,-1.030273,-0.051025,-7.011413,-45.082088,2.044678
0.193359,-1.031006,-0.059814,-5.432128,-44.952389,1.358032
0.187744,-1.022949,-0.063721,-3.349304,-44.609066,0.709534
0.179199,-1.015137,-0.070801,-1.13678,-43.815609,-0.221252
0.169434,-1.002197,-0.07251,1.25885,-42.549129,-1.274109
0.161621,-0.985107,-0.074219,3.39508,-40.512081,-2.609253
0.1521,-0.96582,-0.07251,4.951477,-38.276672,-4.066467
0.140381,-0.947998,-0.071045,6.240844,-35.484314,-5.432128
0.130371,-0.930664,-0.071045,7.080078,-32.058716,-6.782531
0.121094,-0.916748,-0.070801,8.003235,-28.213499,-8.171082
0.111816,-0.914307,-0.074463,8.865356,-23.750303,-9.57489
0.107178,-0.91333,-0.078369,9.391785,-18.920898,-10.902404
0.102051,-0.907959,-0.08252,9.796143,-13.59558,-11.95526
0.101563,-0.9104,-0.094238,10.879516,-8.201599,-12.481688
0.108887,-0.918701,-0.101563,11.695861,-3.662109,-12.229918
0.113037,-0.930176,-0.113525,12.222289,-0.297546,-11.383056
0.119629,-0.936035,-0.122314,12.687682,2.105713,-10.078429
0.119141,-0.940674,-0.125732,13.366698,4.112244,-8.522034
0.123535,-0.94873,-0.129639,13.740539,6.195068,-6.645202
0.131104,-0.960205,-0.132324,13.885497,8.415222,-4.699707
0.137695,-0.969971,-0.132813,13.824462,10.643004,-2.548218
0.144287,-0.982422,-0.138916,13.626098,12.908935,-0.244141
0.150879,-0.998535,-0.146973,13.000487,14.976501,1.815796
0.147949,-1.015869,-0.155273,12.367248,16.448975,4.066467
0.145996,-1.027344,-0.154297,12.054442,17.753601,6.309509
0.140869,-1.035645,-0.158936,11.779784,19.424438,7.537841
0.138672,-1.037354,-0.157227,11.665343,22.109983,7.6828
0.143066,-1.031982,-0.144775,11.444091,25.474546,7.659912
0.149902,-1.022217,-0.124512,11.360168,29.075621,7.759094
0.154053,-1.019043,-0.117188,10.025024,33.447266,6.881713
0.161377,-1.01416,-0.108154,7.850646,38.375854,4.867554
0.175049,-1.01001,-0.098145,4.829407,42.92297,2.693176
0.191895,-0.999268,-0.097412,1.350403,46.119686,0.999451
0.205322,-0.983887,-0.09668,-2.159119,47.439571,-0.366211
0.216553,-0.974365,-0.095215,-4.516602,47.294613,-1.487732
0.236816,-0.976563,-0.104492,-5.508422,46.089169,-2.380371
0.275391,-1.001953,-0.136719,-6.004333,42.869564,-3.799438
0.304688,-1.033936,-0.155518,-7.865905,36.590576,-6.233215
0.319824,-1.047852,-0.164307,-11.482238,29.45709,-9.635925
0.318604,-1.029053,-0.162354,-16.014099,24.620054,-13.763427
0.323975,-1.000732,-0.157715,-19.760132,23.208616,-18.287659
0.350098,-0.981201,-0.147705,-22.491453,23.28491,-23.29254
0.361816,-0.967285,-0.142334,-25.032042,22.499083,-27.732847
0.362305,-0.952637,-0.132324,-27.488707,20.278929,-30.876158
0.357178,-0.940674,-0.122314,-29.701231,17.539978,-32.821655
0.354492,-0.931641,-0.116943,-31.623838,14.717101,-33.294678
0.363037,-0.92334,-0.120117,-32.791138,12.092589,-32.76825
0.365967,-0.925049,-0.130615,-32.867432,9.292603,-32.25708
0.374512,-0.931396,-0.149414,-32.264709,5.393981,-31.219481
0.416504,-0.939453,-0.178711,-31.013487,1.113892,-30.4718
0.456055,-0.950928,-0.179932,-29.060362,-4.241943,-30.525206
0.457764,-0.956787,-0.181641,-27.374266,-13.427733,-30.2124
0.446289,-0.950684,-0.187012,-25.863646,-25.291441,-29.640196
0.468018,-0.942871,-0.199463,-24.627684,-35.682678,-29.71649
0.522705,-0.949707,-0.228271,-22.209166,-43.815609,-32.569885
0.560303,-0.981934,-0.263184,-18.936157,-52.757259,-38.261414
0.588867,-1.008545,-0.283447,-16.944885,-65.719604,-44.609066
0.597656,-1.030518,-0.267578,-16.105652,-81.275932,-50.666805
0.572754,-1.054199,-0.249512,-16.090393,-94.055168,-57.960506
0.534912,-1.073242,-0.227051,-16.746521,-99.914543,-68.916321
0.515137,-1.071289,-0.224609,-19.248962,-99.441521,-83.183281
0.542969,-1.062988,-0.22998,-23.857115,-92.01049,-100.196831
0.616699,-1.084473,-0.24707,-30.265806,-77.796936,-120.079033
0.701904,-1.123047,-0.282715,-38.696289,-59.738155,-139.450073
0.753662,-1.145264,-0.306396,-46.501156,-42.221066,-156.272888
0.766602,-1.140869,-0.305664,-52.886959,-29.800413,-169.265732
0.771484,-1.114746,-0.312256,-57.563778,-23.15521,-178.466782
0.769531,-1.07373,-0.322998,-59.867855,-18.119812,-187.164291
0.738281,-1.01709,-0.299072,-60.073849,-10.757445,-196.975693
0.726074,-0.94751,-0.249268,-57.777401,-1.052856,-209.068283
0.784668,-0.883545,-0.224365,-52.192684,7.614135,-221.817001
0.860107,-0.841553,-0.241943,-46.745296,14.411925,-232.315048
0.905029,-0.820801,-0.266602,-44.570919,17.89093,-235.954269
0.909424,-0.807129,-0.287842,-44.013973,20.011902,-235.710129
0.858398,-0.774414,-0.244141,-42.442318,21.40045,-236.228928
0.817139,-0.715576,-0.191895,-38.68103,17.486572,-237.876877
0.840088,-0.670898,-0.185547,-33.691406,10.383605,-239.639267
0.881836,-0.60791,-0.184814,-28.259275,4.592896,-240.669235
0.907715,-0.546631,-0.216309,-21.415709,-3.112793,-238.479599
0.927246,-0.50708,-0.270752,-15.434264,-15.029906,-234.085068
0.905029,-0.489746,-0.319824,-6.881713,-30.372618,-229.782089
0.779053,-0.49292,-0.286865,2.685547,-46.600338,-225.875839
0.678223,-0.45166,-0.222168,7.6828,-61.401363,-220.779404
0.666992,-0.388428,-0.203125,10.620116,-71.495056,-212.150558
0.6875,-0.324707,-0.210449,12.542724,-77.690125,-201.79747
0.67334,-0.294678,-0.247803,15.480041,-82.908623,-191.902145
0.596191,-0.310059,-0.287598,18.051147,-88.088982,-179.214462
0.530762,-0.331299,-0.29248,17.25769,-97.457878,-161.804184
0.53833,-0.330566,-0.252686,13.984679,-112.800591,-143.829346
0.63623,-0.333496,-0.202881,11.474608,-134.513855,-130.462646
0.721924,-0.369141,-0.282959,7.080078,-161.987289,-120.788567
0.53418,-0.376953,-0.303223,-2.723694,-193.176254,-96.084587
0.351318,-0.389893,-0.372559,-16.975403,-223.587021,-58.448788
0.309082,-0.337646,-0.529297,-35.469055,-242.88176,-33.14209
0.307373,-0.222656,-0.552246,-30.46417,-249.992355,-25.817869
0.304443,-0.164307,-0.51001,-1.533508,-249.992355,-32.295227
0.417236,-0.197754,-0.527832,12.611388,-249.832138,-40.016174
0.505859,-0.240234,-0.623047,3.303528,-249.992355,-42.991634
0.496826,-0.277588,-0.689697,-9.963989,-249.992355,-38.825989
0.423096,-0.276855,-0.642822,-12.71057,-249.992355,-31.745909
0.324951,-0.204834,-0.587402,-8.865356,-249.992355,-30.052183
0.253662,-0.117432,-0.61377,-4.051208,-235.870346,-28.335569
0.303467,-0.113037,-0.646729,-2.578735,-167.15239,-31.181334
0.374268,-0.126465,-0.640625,-8.132935,-98.937981,-40.191647
0.382813,-0.112061,-0.673828,-11.016845,-44.273373,-47.660824
0.423828,-0.087891,-0.702637,-11.100768,2.914428,-53.115841
0.488281,-0.066895,-0.698975,-13.450622,43.80035,-58.814999
0.517334,-0.06543,-0.7229,-18.455505,78.643799,-63.987728
0.549316,-0.067871,-0.779541,-25.032042,102.828972,-65.933228
0.598877,-0.052002,-0.807861,-31.211851,114.082329,-66.337585
0.616211,-0.026367,-0.812012,-34.408569,113.746635,-65.750122
0.584229,-0.000732,-0.807129,-35.171509,104.843132,-64.117432
0.555908,0.019775,-0.813965,-35.148621,89.668266,-62.438961
0.565674,0.030518,-0.797607,-34.507751,70.678711,-61.088558
0.562988,0.046631,-0.726807,-33.966064,52.391048,-59.242245
0.575928,0.067871,-0.695068,-34.934998,36.247253,-55.404659
0.599365,0.069336,-0.736328,-38.696289,22.773741,-51.185604
0.637695,0.067139,-0.783203,-42.846676,8.674622,-47.027584
0.619873,0.049561,-0.821045,-46.943661,-7.072448,-45.234676
0.556152,0.024902,-0.800781,-48.171993,-21.003721,-44.502254
0.509033,0.025391,-0.796143,-50.712582,-23.933409,-45.928951
0.425293,0.064697,-0.833008,-55.549618,-15.60974,-46.981808
0.438965,0.0896,-0.877197,-56.129452,-5.203247,-49.278255
0.512939,0.103516,-0.860352,-53.38287,2.471924,-57.098385
0.625732,0.085693,-0.844238,-47.782894,-1.953125,-61.264034
0.70874,0.140869,-0.657227,-45.631405,-12.550353,-60.93597
0.648682,0.229004,-0.506348,-47.294613,-21.614073,-57.571407
0.627197,0.238525,-0.500977,-50.643917,-29.563902,-48.515316
0.528809,0.212891,-0.559814,-59.17358,-35.552979,-37.567139
0.377686,0.19873,-0.690918,-67.848206,-40.344234,-28.503416
0.360107,0.231201,-0.76416,-70.075989,-33.683777,-31.440733
0.365723,0.270264,-0.790039,-63.003536,-13.801574,-38.406372
0.458008,0.268311,-0.825195,-50.941463,-1.953125,-38.68866
0.600098,0.252686,-0.755127,-37.92572,-7.270813,-38.360596
0.568359,0.245605,-0.663818,-27.580259,-18.90564,-37.93335
0.498291,0.253418,-0.626221,-22.209166,-28.503416,-31.417845
0.516113,0.250732,-0.652832,-20.13397,-32.966614,-27.610777
0.460205,0.253906,-0.663574,-19.943237,-30.563353,-27.519224
0.421631,0.284912,-0.692139,-19.523621,-18.608093,-30.265806
0.483398,0.264893,-0.741211,-18.2724,-1.945495,-34.423828
0.495361,0.250732,-0.750732,-15.1062,9.773254,-32.028198
0.511963,0.267334,-0.759277,-9.361267,15.99121,-30.952452
0.511475,0.263672,-0.752197,-3.623962,22.262571,-32.722473
0.469482,0.272461,-0.761719,0.175476,26.779173,-31.799314
0.459961,0.282959,-0.820557,5.126953,25.787352,-29.113768
0.474854,0.263428,-0.887939,11.589049,15.754699,-24.719236
0.456299,0.258301,-0.883545,16.426086,0.595093,-22.224424
0.410889,0.288818,-0.843506,22.300718,-14.038085,-20.324705
0.399414,0.334961,-0.765381,30.34973,-22.796629,-19.020081
0.402832,0.387207,-0.640137,40.40527,-27.801512,-19.142151
0.479004,0.416016,-0.525146,54.176327,-35.766602,-15.808105
0.591309,0.367188,-0.57959,65.704346,-51.200863,-10.002136
0.570801,0.315186,-0.597168,68.405151,-81.573479,-0.175476
0.392334,0.247559,-0.60498,64.949036,-108.657829,4.318237
0.23584,0.050781,-0.75708,52.902218,-114.631645,14.450072
0.04834,-0.067139,-0.853516,30.3421,-92.575066,23.41461
-0.027832,0.016602,-0.842529,4.356384,-48.034664,20.400999
0.169189,0.15625,-0.922119,-11.878966,21.240232,9.506226
0.304199,0.229492,-0.866699,-13.191222,79.727173,9.017944
0.453369,0.304932,-0.746582,-15.914916,87.799065,15.213012
0.620361,0.355957,-0.648926,-23.994444,68.16864,23.208616
0.704834,0.371826,-0.56543,-31.127928,33.554077,35.53772
0.757568,0.390137,-0.525879,-33.454895,-16.784668,47.225948
0.788818,0.395996,-0.481934,-33.935547,-68.817139,54.084774
0.858887,0.370605,-0.4729,-44.197079,-118.789665,59.211727
0.937744,0.384277,-0.547607,-60.592648,-169.593796,57.746883
0.953613,0.379395,-0.69165,-73.074341,-216.110214,48.866268
0.785645,0.316162,-0.806152,-86.013786,-240.386948,31.723021
0.479004,0.298096,-0.834961,-98.350517,-232.894882,23.551939
0.146973,0.272217,-0.765381,-109.420769,-205.772385,35.758972
-0.113525,0.262695,-0.816406,-123.184196,-161.262497,46.600338
-0.149658,0.362793,-1.164795,-126.075737,-106.239311,44.792171
-0.0625,0.429932,-1.38623,-112.243645,-53.672787,22.90344
-0.035645,0.341309,-1.38916,-102.72979,-37.010193,10.803222
-0.098633,0.344238,-1.340332,-101.554863,-45.326229,10.94818
-0.020996,0.412598,-1.239502,-94.116203,-61.94305,14.633178
0.007324,0.376465,-1.08252,-72.685242,-78.491211,13.191222
-0.009766,0.322021,-0.959229,-55.52673,-86.09771,5.805969
0.059326,0.327637,-0.875488,-49.652096,-78.933716,-1.464844
0.131836,0.363281,-0.882324,-42.564388,-60.958858,-5.447387
0.1521,0.417236,-0.897949,-30.34973,-39.352417,-7.125854
0.137695,0.45459,-0.848145,-20.240782,-23.307798,-5.615234
0.124023,0.443115,-0.786865,-8.209229,-16.670227,-3.601074
0.181396,0.428467,-0.770264,1.190186,-16.242981,-3.242492
0.25293,0.418213,-0.795898,2.586365,-17.379761,-5.813598
0.259766,0.416504,-0.802979,-0.907898,-19.40155,-10.498046
0.206787,0.422363,-0.785645,-1.937866,-21.942137,-17.234802
0.182373,0.435059,-0.798096,-2.288818,-22.132872,-23.712156
0.224365,0.439453,-0.871094,-5.210876,-18.753052,-30.754087
0.235352,0.425049,-0.919434,-7.034301,-15.655517,-35.896301
0.195068,0.42749,-0.950684,-10.208129,-14.85443,-32.745361
0.119629,0.455811,-0.945068,-14.137267,-13.587951,-27.465818
0.094727,0.456787,-0.897705,-14.72473,-14.47296,-24.497984
0.053711,0.422607,-0.828613,-14.167785,-17.700195,-21.636961
0.013916,0.426025,-0.848633,-17.059326,-15.11383,-19.012451
-0.044678,0.429199,-0.912842,-21.385191,-6.92749,-15.434264
-0.104736,0.418945,-0.90918,-17.539978,2.464294,-11.756896
-0.098389,0.409424,-0.856934,-8.18634,12.664794,-5.958557
-0.043945,0.425049,-0.841553,0.587463,19.264221,0.022888
0.006348,0.448975,-0.929688,16.014099,24.002073,0.1297
0.052979,0.493408,-1.010254,37.361145,33.813477,-3.65448
0.060791,0.499268,-0.988525,57.960506,49.072262,-3.410339
-0.058838,0.488037,-0.702148,71.586609,72.937012,-1.647949
-0.125488,0.449463,-0.561768,67.703247,93.14727,2.532959
-0.060547,0.406006,-0.621338,56.098934,106.056206,5.775451
0.156738,0.33374,-0.772461,52.352901,127.250664,-2.243042
0.334717,0.301514,-0.89917,44.68536,142.410278,6.538391
0.392822,0.290527,-0.906006,48.08807,148.506165,10.627746
0.349854,0.257324,-0.918945,50.315853,148.773193,10.749816
0.265137,0.29126,-0.780273,48.294064,143.333435,12.664794
0.355225,0.349854,-0.696533,45.143124,126.945488,13.908385
0.54126,0.440918,-0.720947,36.582947,113.510124,7.873535
0.568359,0.495117,-0.867432,30.586241,115.249626,1.068115
0.421631,0.525879,-1.0,25.253294,121.063225,1.235962
0.348877,0.487793,-1.093994,22.796629,121.00219,-1.64032
0.379883,0.398926,-1.122559,24.627684,119.323723,-5.859375
0.466553,0.331543,-1.021973,21.316526,114.44091,-4.875183
0.50415,0.326416,-0.887451,9.384155,106.582634,-4.600525
0.460205,0.383301,-0.734619,-4.219055,96.30584,-5.332946
0.481689,0.481445,-0.66626,-10.2005,84.07592,-8.811951
0.571777,0.533447,-0.713623,-3.135681,65.605164,-13.893126
0.621826,0.505371,-0.800781,8.506775,38.459778,-17.066956
0.590088,0.450684,-0.835449,14.411925,9.674072,-18.478394
0.504395,0.42041,-0.87085,14.35089,-11.283874,-18.157959
0.413086,0.416504,-0.884033,12.145995,-20.26367,-16.189575
0.366699,0.433594,-0.874268,8.422852,-18.630981,-17.311096
0.333252,0.437988,-0.88623,3.913879,-10.009766,-18.280029
0.338623,0.424072,-0.862305,-0.1297,3.227234,-16.50238
0.403809,0.418701,-0.82251,-2.998352,18.821716,-14.930724
0.505371,0.400879,-0.831543,-6.584167,24.215696,-11.695861
0.552734,0.428955,-0.743652,-11.260985,13.267516,-6.187438
0.562988,0.424072,-0.742676,-11.07788,0.740051,-8.407593
0.528809,0.375,-0.725342,-6.736755,-12.413024,-3.967285
0.574219,0.351563,-0.685059,-5.546569,-24.269102,-0.946045
0.553955,0.357178,-0.656494,-6.637573,-27.290342,-1.831055
0.514648,0.367676,-0.642334,-8.789063,-27.793882,-1.045227
0.45752,0.36499,-0.632324,-10.345458,-21.202085,-1.266479
0.395264,0.336914,-0.695801,-9.498596,-3.822326,-4.486084
0.380371,0.30542,-0.711182,-8.926392,21.347044,-4.104614
0.418213,0.311768,-0.660156,-11.520385,47.08099,-3.456115
0.472656,0.325195,-0.605713,-15.441894,66.474915,-5.249023
0.562744,0.324219,-0.566895,-17.601013,75.210571,-5.218505
0.669189,0.328857,-0.524902,-18.081665,74.829102,-1.724243
0.741455,0.345947,-0.474609,-18.997192,68.54248,-5.805969
0.700684,0.360596,-0.401611,-20.355223,60.661312,-17.280579
0.527588,0.373291,-0.363525,-19.508362,47.126766,-21.789549
0.500977,0.369629,-0.409912,-16.014099,26.298521,-15.3656
0.572998,0.366943,-0.445557,-16.746521,12.260436,-12.046813
0.55835,0.367676,-0.43042,-19.546509,7.583618,-16.807556
0.539063,0.352051,-0.436279,-17.311096,5.889892,-19.515991
0.615967,0.334961,-0.522217,-18.264771,7.133483,-17.608643
0.682129,0.370361,-0.532227,-24.772642,10.490417,-11.444091
0.680176,0.472656,-0.428955,-29.800413,12.229918,-1.708984
0.599121,0.584229,-0.220703,-27.404783,12.832641,6.248474
0.48999,0.581787,-0.079346,-17.417908,8.81958,17.456055
0.375244,0.439697,-0.206543,-15.3656,14.205932,24.772642
0.220459,0.349854,-0.327148,-36.697388,60.295101,9.529114
0.212891,0.325684,-0.446533,-58.013912,132.255554,-4.631042
0.427246,0.269775,-0.719482,-57.609554,188.003525,4.600525
0.693115,0.227539,-0.890869,-58.265682,200.294479,15.342711
0.834473,0.259521,-1.084717,-72.32666,158.370972,18.058777
0.719482,0.405518,-1.251465,-68.527222,87.776176,14.915465
0.490479,0.493652,-1.237305,-39.520264,29.113768,12.687682
0.363037,0.489746,-1.198486,-18.180847,5.958557,16.212463
0.360596,0.521484,-1.171875,-11.489867,11.665343,17.944336
0.448975,0.562256,-1.023193,-3.593445,18.65387,13.298034
0.60791,0.580078,-0.828125,4.081726,20.561216,7.705688
0.756836,0.589844,-0.66333,8.560181,27.038572,-1.731872
0.881348,0.57373,-0.552979,10.368346,36.842346,-12.062072
0.980957,0.548584,-0.494141,7.606506,38.002014,-13.946532
0.980957,0.509766,-0.516602,5.012512,27.511595,-12.725829
0.88501,0.469238,-0.55957,3.494262,10.292052,-11.840819
0.776367,0.452393,-0.562012,2.433777,-7.736206,-10.673522
0.69458,0.435791,-0.594238,0.823975,-19.287109,-11.245727
0.642578,0.425537,-0.643066,-2.799988,-24.253843,-12.237548
0.605469,0.42041,-0.673096,-6.538391,-26.237486,-11.45935
0.55835,0.427002,-0.62915,-10.06317,-27.656553,-7.499694
0.516113,0.42334,-0.52002,-13.206481,-30.654905,-2.540588
0.524902,0.417236,-0.459229,-16.548157,-32.653809,0.679016
0.570313,0.436035,-0.481445,-21.003721,-31.082151,2.868652
0.620605,0.47583,-0.498779,-23.597715,-30.22003,5.126953
0.675537,0.518311,-0.476074,-19.004822,-33.38623,7.43103
0.664063,0.541992,-0.453857,-8.415222,-34.255981,8.155823
0.608643,0.530762,-0.44458,0.106812,-27.084349,7.873535
0.555664,0.50293,-0.418945,3.791809,-12.947082,7.942199
0.515381,0.467529,-0.402832,4.188538,0.160217,8.850098
0.520264,0.430176,-0.450195,3.044128,8.705139,9.284973
0.545166,0.413574,-0.51001,1.655578,14.305114,8.94165
0.604736,0.410889,-0.553467,1.213074,13.870238,7.637023
0.650635,0.424072,-0.588379,0.305176,10.116576,6.744384
0.67041,0.454346,-0.590332,1.541138,6.332397,6.362915
0.692383,0.491455,-0.565918,3.799438,2.525329,6.530761
0.669189,0.497314,-0.535889,5.455017,-0.663757,6.134033
0.613525,0.487549,-0.520508,5.683898,-0.87738,5.485534
0.596924,0.480713,-0.546875,3.585815,4.03595,4.959106
0.615479,0.471436,-0.557373,1.403808,10.261535,4.104614
0.645264,0.447266,-0.546631,0.923157,12.672423,2.670288
0.651367,0.434082,-0.549805,-0.442505,12.413024,1.197815
0.65625,0.447266,-0.581543,-4.295349,11.291503,1.396179
0.661133,0.478516,-0.614746,-6.896972,11.108397,2.471924
0.661865,0.502441,-0.615234,-5.355834,9.910583,3.234863
0.652832,0.50708,-0.612549,-2.510071,4.600525,2.983093
0.649414,0.505615,-0.616455,0.267029,-3.105163,1.556396
0.643311,0.505615,-0.604248,3.715515,-9.185791,0.312805
0.60498,0.501221,-0.576416,6.614685,-9.635925,0.061035
0.56958,0.498535,-0.538086,6.408691,-3.608703,0.62561
0.591553,0.487793,-0.519775,4.173279,3.265381,1.602173
0.629883,0.464111,-0.525635,1.701355,7.637023,0.762939
0.667725,0.441406,-0.568604,-1.403808,7.972717,-0.617981
0.685791,0.433105,-0.624512,-3.623962,6.660461,-1.831055
0.67749,0.45874,-0.634277,-3.501892,5.432128,-2.937317
0.670654,0.48999,-0.60083,0.328064,1.289368,-2.578735
0.678223,0.496094,-0.5625,5.043029,-5.722045,-3.211975
0.681396,0.486328,-0.538086,7.17926,-13.130187,-5.020141
0.676025,0.47168,-0.537842,7.911682,-17.875671,-6.652832
0.662842,0.456787,-0.547119,8.903503,-19.363403,-8.239746
0.64624,0.439209,-0.55127,10.2005,-20.843504,-8.69751
0.639893,0.420898,-0.557617,12.20703,-25.619505,-6.736755
0.642822,0.405518,-0.566895,14.648437,-32.63092,-4.638672
0.616455,0.394043,-0.542969,15.937804,-39.146423,-2.105713
0.567139,0.387695,-0.498535,16.891479,-41.389462,0.366211
0.515625,0.388428,-0.478027,17.875671,-35.667419,2.555847
0.496338,0.388916,-0.486572,18.379211,-24.993895,5.485534
0.492432,0.391113,-0.522949,18.707275,-13.359069,7.92694
0.492188,0.397461,-0.59375,20.652769,-2.723694,9.391785
0.503906,0.400146,-0.677979,23.658751,5.41687,11.238097
0.532227,0.41333,-0.726807,24.810789,9.849548,13.153075
0.54834,0.414063,-0.730225,26.107786,12.123107,15.151977
0.531738,0.400879,-0.6875,27.664183,16.273499,17.89856
0.52417,0.387451,-0.650391,29.930113,20.072937,22.018431
0.557861,0.37207,-0.637451,32.600403,21.087645,28.114317
0.561768,0.359619,-0.5896,31.547544,20.698545,34.454346
0.515137,0.3396,-0.483154,29.58679,23.54431,40.039063
0.414307,0.317627,-0.439697,29.258726,33.210754,48.309322
0.344238,0.327393,-0.411621,27.603148,48.362728,57.151791
0.34668,0.343506,-0.419678,28.541563,67.596436,64.888
0.426025,0.341553,-0.454834,33.554077,86.761467,72.761536
0.543457,0.33252,-0.40918,38.002014,99.868767,78.102112
0.663086,0.328857,-0.297852,40.611263,102.958672,78.170776
0.787842,0.318604,-0.252197,39.916992,101.387016,76.377869
0.837158,0.322998,-0.276855,35.942078,100.669853,76.652527
0.895996,0.34375,-0.311279,33.088684,96.366875,75.248718
0.96875,0.34082,-0.330322,33.821106,88.24157,71.670532
0.97998,0.337402,-0.372803,34.492493,79.185486,68.588257
0.968994,0.343018,-0.471191,32.196045,70.846558,63.285824
0.980225,0.343506,-0.54541,26.535032,65.704346,55.358883
1.018066,0.330322,-0.571289,22.727964,61.035152,45.585629
1.036621,0.291748,-0.569336,24.757383,53.947445,37.002563
0.998047,0.264648,-0.54248,24.055479,45.333858,30.105589
0.98877,0.274414,-0.481201,18.516541,30.311583,25.169371
1.036621,0.283447,-0.416504,17.227173,14.86206,20.202635
1.042725,0.28125,-0.386963,20.13397,7.690429,12.260436
1.025879,0.276855,-0.445068,18.424988,7.507324,6.217956
0.988281,0.281494,-0.524902,12.069701,10.604857,4.150391
0.964111,0.282715,-0.596924,6.54602,13.618468,-0.228882
0.956299,0.28125,-0.623291,3.280639,14.633178,-6.759643
0.948486,0.287842,-0.595703,1.411438,11.848449,-13.412475
0.89917,0.289063,-0.571289,-0.282288,8.163452,-17.906189
0.861084,0.294922,-0.54248,-3.64685,5.348205,-19.622803
0.868164,0.293701,-0.507324,-4.180908,0.267029,-19.271851
0.885986,0.279297,-0.451172,-2.799988,-7.995605,-19.515991
0.876709,0.275146,-0.392334,-4.066467,-16.975403,-21.224974
0.839844,0.270996,-0.38916,-6.362915,-20.347593,-22.293089
0.820313,0.25708,-0.433838,-10.635375,-15.457152,-23.193357
0.834229,0.242676,-0.470459,-16.387939,-7.873535,-23.529051
0.834473,0.231201,-0.477051,-18.882751,-3.181457,-22.78137
0.805908,0.211182,-0.461914,-18.043518,-4.28772,-21.453856
0.77417,0.189453,-0.44873,-16.906738,-9.475708,-19.432068
0.76416,0.182861,-0.45166,-16.906738,-14.60266,-16.960144
0.766113,0.179199,-0.457275,-16.891479,-18.257141,-15.144347
0.760986,0.182861,-0.441162,-16.067505,-20.065308,-14.335631
0.74707,0.1875,-0.422363,-13.839721,-19.851685,-13.450622
0.734619,0.186279,-0.408936,-11.45935,-17.684937,-11.680602
0.733154,0.182129,-0.42749,-9.529114,-13.587951,-9.002686
0.751221,0.18457,-0.452148,-8.361816,-8.69751,-6.233215
0.765869,0.188721,-0.46167,-6.652832,-5.523681,-4.096985
0.758789,0.188477,-0.453613,-4.226685,-4.295349,-1.655578
0.72998,0.19458,-0.431152,-2.441406,-3.40271,2.090454
0.700684,0.212158,-0.388916,-1.060486,-0.732422,5.889892
0.679199,0.22876,-0.357178,1.113892,4.386902,9.19342
0.677246,0.225586,-0.335693,4.089355,12.222289,11.901855
0.703369,0.219238,-0.3125,5.981445,20.202635,13.71765
0.744141,0.220459,-0.301514,7.019042,26.863096,14.86206
0.779053,0.231689,-0.337646,6.896972,31.997679,15.274047
0.806396,0.243164,-0.38916,6.080627,36.102295,14.640807
0.828125,0.246582,-0.424561,5.836486,37.849426,14.282226
0.831055,0.247559,-0.456543,6.462097,37.811279,15.167235
0.814697,0.259521,-0.468018,5.882263,37.17041,16.311646
0.817139,0.279053,-0.439697,5.729675,35.728455,17.082214
0.846436,0.297607,-0.397461,6.683349,35.346985,16.944885
0.896729,0.321777,-0.369385,6.088256,35.209656,14.335631
0.948242,0.332764,-0.384033,4.806519,33.01239,10.002136
0.967285,0.318848,-0.432617,3.875732,29.350279,5.783081
0.96875,0.299805,-0.474609,2.838135,23.803709,2.578735
0.960693,0.280273,-0.493652,2.334595,16.365051,0.900268
0.952881,0.263672,-0.489502,1.815796,7.530212,0.213623
0.934326,0.261963,-0.473145,0.984192,-1.571655,-0.114441
0.901611,0.269287,-0.455566,-0.022888,-8.911133,-1.335144
0.878418,0.275635,-0.43042,-1.083374,-13.168334,-3.280639
0.866211,0.2771,-0.398438,-1.518249,-14.579772,-5.203247
0.854492,0.270508,-0.373047,-1.396179,-14.663695,-6.843566
0.844727,0.257324,-0.371338,-1.296997,-13.763427,-7.904052
0.841553,0.242676,-0.380859,-1.853943,-12.420653,-8.552551
0.841064,0.230713,-0.382324,-2.632141,-11.604308,-8.956909
0.842529,0.222168,-0.384766,-2.830505,-11.497497,-8.842468
0.836426,0.218506,-0.391602,-2.883911,-11.978148,-8.285522
0.834229,0.213623,-0.390381,-3.028869,-12.725829,-7.621765
0.821045,0.211914,-0.389404,-2.792358,-12.695312,-6.774902
0.803467,0.215576,-0.380615,-2.63977,-12.237548,-5.210876
0.795654,0.219238,-0.373535,-2.120972,-10.940551,-3.547668
0.795166,0.216797,-0.380371,-1.13678,-8.705139,-2.464294
0.793701,0.214355,-0.389893,-0.724792,-6.41632,-1.586914
0.787354,0.215332,-0.394043,-0.564575,-5.104064,-0.297546
0.781494,0.2146,-0.396729,-0.099182,-4.005432,1.594543
0.787109,0.215576,-0.408203,0.358582,-1.609802,2.853393
0.785645,0.213623,-0.407715,0.320435,0.862122,3.52478
0.791504,0.218994,-0.398926,0.419617,1.396179,5.15747
0.793457,0.227539,-0.38623,0.938415,2.006531,6.843566
0.794434,0.23584,-0.372559,2.113342,3.341675,7.629394
0.819092,0.233398,-0.387207,3.082275,5.500793,7.67517
0.849121,0.231934,-0.394043,2.929687,8.087158,6.690979
0.880127,0.243896,-0.370117,2.754211,8.728027,5.584716
0.880859,0.257813,-0.362549,4.295349,7.827758,4.989624
0.869873,0.26416,-0.377197,4.943848,6.057739,4.638672
0.869141,0.268799,-0.394287,4.234314,3.746032,4.432678
0.880859,0.264404,-0.424316,3.723144,1.861572,3.479004
0.884521,0.268799,-0.445557,2.670288,0.297546,2.14386
0.869141,0.277832,-0.436279,2.14386,-1.747131,1.121521
0.836914,0.281738,-0.423584,2.441406,-3.997802,0.938415
0.828857,0.286865,-0.414063,2.082825,-4.852295,0.679016
0.844727,0.281006,-0.412354,1.518249,-3.974914,-1.113892
0.855957,0.267822,-0.426025,1.312256,-2.89154,-3.39508
0.867432,0.255615,-0.445068,0.854492,-3.295898,-4.737854
0.873779,0.253662,-0.438477,-0.114441,-5.554199,-5.516052
0.854004,0.260498,-0.387451,0.061035,-9.292603,-5.28717
0.81958,0.255127,-0.354736,2.044678,-12.08496,-4.188538
0.806396,0.246094,-0.358154,2.822876,-11.253356,-3.623962
0.810791,0.240479,-0.375732,2.037048,-8.132935,-4.615784
0.808105,0.233154,-0.388428,1.518249,-5.172729,-5.371093
0.811768,0.227783,-0.414795,1.777649,-3.257751,-4.768372
0.826172,0.224365,-0.446045,1.014709,-1.63269,-4.249573
0.830811,0.232178,-0.43335,-0.709534,-0.289917,-3.868103
0.826172,0.238525,-0.402344,-0.12207,-1.037598,-2.624511
0.818359,0.231445,-0.388428,1.045227,-2.410889,-1.266479
0.811768,0.224854,-0.387695,0.984192,-2.189636,-0.450134
0.816406,0.217041,-0.374756,0.747681,-0.480652,0.114441
0.824219,0.215576,-0.349854,1.190186,1.617432,1.075745
0.825195,0.223633,-0.359375,1.914978,4.051208,1.693725
0.820557,0.224609,-0.385498,1.861572,6.431579,1.480102
0.828369,0.222656,-0.400146,1.38092,7.286071,1.38855
0.837158,0.227051,-0.406738,1.403808,6.92749,1.594543
0.836182,0.231201,-0.410156,1.88446,6.011962,1.63269
0.836182,0.23584,-0.405518,2.464294,4.585266,2.01416
0.846436,0.240234,-0.415771,2.235413,3.593445,2.441406
0.858643,0.243164,-0.422363,1.365662,3.814697,1.564026
0.865479,0.243164,-0.411377,0.75531,4.173279,0.022888
0.852051,0.240967,-0.409668,0.106812,4.051208,-0.50354
0.828857,0.234131,-0.403564,-0.602722,2.746582,-0.091553
0.809082,0.237305,-0.391113,-1.251221,3.166198,0.717163
0.815674,0.252686,-0.394531,-1.739502,4.318237,1.205444
0.842773,0.256348,-0.406982,-1.937866,4.402161,1.045227
0.841309,0.254883,-0.404297,-2.151489,3.723144,0.37384
0.828125,0.254883,-0.397705,-1.411438,1.792908,0.823975
0.829102,0.245605,-0.399658,-0.511169,-0.236511,2.380371
0.8479,0.230957,-0.408203,0.083923,-3.494262,3.791809
0.85791,0.220947,-0.425537,1.716614,-7.492065,4.798889
0.82959,0.208496,-0.435303,3.723144,-9.635925,5.981445
0.800781,0.195068,-0.416748,4.295349,-10.337829,9.056091
0.779541,0.187744,-0.388672,4.081726,-9.399414,13.59558
0.761719,0.204834,-0.374756,3.692627,-6.324768,15.441894
0.749268,0.20874,-0.373779,3.334045,-2.059937,15.716552
0.752197,0.209961,-0.396484,3.311157,2.5177,16.311646
0.765625,0.199951,-0.463623,5.020141,6.843566,16.212463
0.791992,0.172852,-0.544189,7.04956,8.674622,14.068603
0.816895,0.155518,-0.585938,8.888245,4.53186,10.398864
0.817139,0.153564,-0.584229,12.21466,1.480102,5.020141
0.806152,0.164063,-0.539307,15.647887,8.392334,-0.160217
0.836426,0.182861,-0.537842,18.463135,17.372131,-3.700256
0.880127,0.192627,-0.590088,18.287659,20.866392,-3.013611
0.81958,0.215576,-0.61499,13.130187,20.843504,0.511169
0.851074,0.229736,-0.561035,16.540527,8.934021,7.408142
1.246826,-0.041748,-0.503662,20.919798,-24.665831,1.159668
1.220703,0.019775,-0.608887,-8.651733,-81.069939,-0.076294
0.572998,0.419678,-0.539307,-22.338865,-116.996758,30.075071
0.445801,0.38208,-0.421875,3.135681,-103.530876,47.897335
0.680176,0.204102,-0.535645,20.721434,-58.914181,48.301693
0.831299,0.219482,-0.549805,20.614622,-36.315918,44.143673
0.780762,0.178223,-0.518066,14.526366,-43.724056,41.839596
0.75,0.026367,-0.561279,4.203796,-51.063534,51.002499
0.715332,-0.079834,-0.67749,-15.968322,-41.839596,58.959957
0.634521,-0.155762,-0.799805,-41.694637,-35.15625,71.846008
0.684326,-0.187744,-0.841309,-69.190979,-45.845028,90.965263
0.730469,-0.110107,-0.79126,-93.818657,-68.305969,100.723259
0.707031,0.027344,-0.791504,-111.267082,-85.105888,101.364128
0.679688,0.11084,-0.838867,-118.545525,-88.203423,102.111809
0.63208,0.111328,-0.844482,-117.134087,-82.534782,107.467644
0.601563,0.097168,-0.804688,-113.082878,-74.562073,116.378777
0.621582,0.109863,-0.731934,-109.298698,-68.984985,122.077934
0.700195,0.125244,-0.648438,-106.712334,-69.511414,120.376579
0.820557,0.124512,-0.594238,-105.003349,-78.109741,117.614738
0.86792,0.121826,-0.560547,-102.737419,-92.750542,121.170036
0.830322,0.14624,-0.562256,-100.112907,-113.861076,129.653931
0.759766,0.195313,-0.601074,-98.167412,-141.036987,137.878418
0.658203,0.237061,-0.670166,-95.466606,-165.2603,144.111633
0.591553,0.243164,-0.737793,-90.461723,-182.456955,149.681091
0.613281,0.215576,-0.781982,-83.656303,-194.725021,152.366638
0.686523,0.166504,-0.80127,-75.775146,-197.448715,148.597717
0.684814,0.111328,-0.761475,-67.16156,-188.865646,138.137817
0.633545,0.072266,-0.689941,-59.028622,-173.995956,126.708977
0.582031,0.046387,-0.636963,-53.108212,-154.006958,122.367851
0.532471,0.032227,-0.623291,-50.941463,-132.255554,122.451775
0.507813,0.024902,-0.655518,-52.078243,-112.197868,121.803276
0.526123,0.022705,-0.713135,-56.358334,-96.015923,119.964592
0.594482,0.028076,-0.742188,-61.981197,-83.488457,117.248528
0.624023,0.029785,-0.722656,-64.460754,-75.164795,112.091057
0.599609,0.020996,-0.704346,-63.102718,-71.975708,106.094353
0.55835,-0.001953,-0.697998,-61.653133,-71.380615,105.072014
0.483643,-0.003906,-0.678955,-61.126705,-70.854187,107.368462
0.443848,0.015381,-0.679688,-57.868954,-71.166992,108.77227
0.491943,0.026123,-0.699463,-51.177975,-68.893433,106.513969
0.542236,0.00415,-0.689941,-41.900631,-60.928341,100.387566
0.534912,-0.040039,-0.650391,-32.745361,-49.713131,93.872063
0.49585,-0.062988,-0.616211,-25.360106,-39.31427,90.393059
0.445313,-0.080811,-0.606934,-20.233152,-30.6015,91.201775
0.434814,-0.063721,-0.583984,-17.692566,-26.847837,94.955437
0.450439,-0.037354,-0.565186,-15.174865,-31.143187,97.56469
0.432129,-0.015137,-0.545654,-10.94818,-42.121883,97.05352
0.423828,-0.02002,-0.54248,-5.41687,-54.687496,95.680229
0.420654,-0.045166,-0.556152,0.389099,-60.638424,94.581596
0.384766,-0.092285,-0.587891,6.118774,-58.410641,93.643181
0.366455,-0.141602,-0.616699,10.932921,-53.688046,93.574516
0.339111,-0.164551,-0.645508,15.167235,-50.010677,94.03228
0.291016,-0.13623,-0.656982,20.423887,-47.988888,94.512932
0.2771,-0.095947,-0.625977,26.634214,-48.446651,95.489494
0.289551,-0.082275,-0.599609,32.577515,-50.369259,95.79467
0.314941,-0.108643,-0.614258,36.117554,-52.673336,93.246452
0.337402,-0.165039,-0.650879,37.963867,-54.985043,89.637749
0.329834,-0.231934,-0.658691,39.962769,-58.067318,87.005608
0.302979,-0.284424,-0.681641,41.313168,-60.966488,85.037224
0.270996,-0.314209,-0.701416,41.90826,-61.965939,82.534782
0.263428,-0.32373,-0.722656,42.900082,-60.821529,79.490662
0.252686,-0.319092,-0.734619,44.097897,-56.121822,75.927734
0.240479,-0.305176,-0.729492,45.402523,-49.179073,71.678162
0.232178,-0.292236,-0.738281,45.455929,-41.03088,66.360474
0.260742,-0.304932,-0.77124,41.961666,-33.554077,59.700008
0.315186,-0.343262,-0.80249,34.896851,-31.616209,53.894039
0.345703,-0.402344,-0.826416,27.748106,-38.291931,50.277706
0.332275,-0.4646,-0.823242,21.972654,-51.147457,47.46246
0.313721,-0.492432,-0.795166,16.830444,-64.987183,44.357296
0.28125,-0.463623,-0.77124,12.580871,-74.493408,40.260311
0.227295,-0.365234,-0.743652,9.597778,-77.796936,36.209106
0.164307,-0.259766,-0.754395,8.857727,-74.882507,30.326841
0.143311,-0.205322,-0.772217,4.66156,-65.963745,22.705076
0.163086,-0.199463,-0.82959,-5.821228,-58.227535,17.341614
0.186523,-0.244873,-0.89209,-15.213012,-58.181759,13.923644
0.200195,-0.323975,-0.907715,-17.272949,-65.124512,11.054992
0.167725,-0.378418,-0.869629,-13.549804,-71.426392,8.522034
0.112305,-0.366943,-0.841553,-10.650634,-71.884155,7.019042
0.072266,-0.305664,-0.828125,-9.735107,-67.398071,7.263183
0.064697,-0.256104,-0.826904,-7.04956,-60.333248,7.568359
0.055664,-0.230469,-0.838867,-5.088806,-50.659176,7.385253
0.036865,-0.227051,-0.87793,-5.859375,-38.30719,7.377624
0.031494,-0.24707,-0.910645,-8.758545,-26.206968,7.606506
0.063232,-0.269775,-0.928955,-10.536193,-18.516541,8.758545
0.071289,-0.304443,-0.948486,-8.995056,-14.427184,10.414123
0.049805,-0.322021,-0.956055,-5.004883,-10.19287,11.825561
0.057129,-0.344971,-0.95459,-1.495361,-4.882813,13.153075
0.063965,-0.352295,-0.967529,-0.030518,0.259399,15.480041
0.045898,-0.341309,-0.965576,2.098083,4.364014,18.997192
0.030518,-0.327637,-0.98877,3.921509,6.301879,22.789
0.030518,-0.324951,-1.02124,3.601074,7.667541,25.756834
0.045898,-0.333496,-1.039063,2.304077,9.025574,27.06146
0.050537,-0.339844,-1.064453,2.113342,10.513305,26.18408
0.032959,-0.338867,-1.091797,3.509521,13.763427,24.223326
0.013428,-0.33252,-1.111328,5.683898,19.920349,22.438047
0.00708,-0.327393,-1.111816,7.17163,27.19116,20.523069
0.025146,-0.337891,-1.126465,7.476806,32.440186,19.271851
0.049805,-0.352539,-1.150879,5.310058,34.53064,18.218994
0.072998,-0.349121,-1.15918,1.655578,33.325195,16.593933
0.083496,-0.3396,-1.141113,-1.152039,29.724119,14.831542
0.076172,-0.333008,-1.111328,-4.325867,24.887083,14.175414
0.072266,-0.351074,-1.085938,-7.446289,20.179747,15.823363
0.084717,-0.384766,-1.113525,-11.268615,17.166138,18.959045
0.104492,-0.394531,-1.142822,-14.999389,15.052794,20.797728
0.116455,-0.382568,-1.153809,-14.09912,11.299132,20.668028
0.096191,-0.358154,-1.164551,-11.169433,6.134033,21.911619
0.062012,-0.31958,-1.166992,-9.925842,2.296448,25.0473
0.04248,-0.294922,-1.182861,-8.102417,2.357483,26.275633
0.045654,-0.27832,-1.177002,-6.29425,5.607605,24.360655
0.08374,-0.280029,-1.150879,-4.066467,7.064819,23.361204
0.11792,-0.321533,-1.12915,-2.052307,3.814697,25.207518
0.123047,-0.375244,-1.12085,-2.861023,-3.036499,27.153013
0.111084,-0.406738,-1.117188,-5.40924,-8.666992,26.893614
0.111572,-0.412598,-1.116211,-5.455017,-9.613037,25.367735
0.127197,-0.401123,-1.135742,-3.77655,-6.332397,23.216246
0.150879,-0.384277,-1.142578,-3.295898,-2.227783,21.720884
0.175049,-0.37915,-1.126465,-2.098083,0.907898,20.912169
0.167969,-0.366943,-1.080078,1.663208,4.325867,19.813538
0.137207,-0.35498,-1.03418,7.057189,7.93457,18.15033
0.107666,-0.355957,-1.010986,9.048462,10.780334,17.494202
0.114746,-0.345703,-1.02124,4.684448,12.756347,16.227722
0.14209,-0.319824,-1.071533,-1.075745,16.50238,11.528014
0.171875,-0.321289,-1.103271,-2.677917,20.339964,5.844116
0.213623,-0.354004,-1.071289,0.923157,19.607544,3.14331
0.230957,-0.381592,-1.013428,6.660461,15.998839,2.952575
0.215332,-0.377686,-0.973877,10.520934,13.938903,3.456115
0.187988,-0.340332,-0.981445,13.145446,15.594481,4.196167
0.184326,-0.326172,-0.977295,18.180847,19.302368,4.814148
0.199707,-0.356445,-0.941162,26.176451,21.362303,4.234314
0.214844,-0.399414,-0.913818,33.782959,20.378111,3.227234
0.223145,-0.450928,-0.888916,39.108276,17.784119,3.65448
0.229736,-0.500488,-0.853516,42.274471,17.364502,4.089355
0.238037,-0.537842,-0.768066,46.150204,23.193357,2.006531
0.205566,-0.543213,-0.678955,52.696224,35.079956,-1.434326
0.158691,-0.49292,-0.745117,56.510921,49.270626,-4.03595
0.150879,-0.457275,-0.827881,59.600826,59.219357,-5.737304
0.186523,-0.513916,-0.833008,69.343567,58.906551,-9.757996
0.220459,-0.580078,-0.796387,81.405632,49.774166,-16.471863
0.213623,-0.615723,-0.703857,93.284599,36.331177,-20.324705
0.178711,-0.633789,-0.582031,105.484001,22.331236,-21.430967
0.129395,-0.640381,-0.477539,115.081779,11.741637,-21.408079
0.061768,-0.630371,-0.523438,116.355888,6.050109,-18.798828
0.042236,-0.584717,-0.64624,112.266533,5.096435,-13.069152
0.078857,-0.5979,-0.770752,116.165154,2.166748,-8.430481
0.13623,-0.717285,-0.806641,126.625053,-9.811401,-7.888793
0.187744,-0.857178,-0.702393,135.643005,-31.913755,-4.165649
0.206055,-0.952393,-0.573975,143.295288,-55.419918,6.210327
0.190918,-1.013428,-0.429932,150.512695,-68.786621,12.039184
0.0979,-0.995605,-0.493164,150.505066,-71.342468,15.151977
-0.036621,-0.879395,-0.848145,134.414673,-64.697266,22.117613
-0.005371,-0.828125,-1.006592,134.544373,-62.32452,25.909422
0.127197,-0.965576,-0.930664,151.489258,-71.82312,21.293638
0.14917,-1.10083,-0.814697,164.413437,-85.739128,16.63208
0.090576,-1.166504,-0.672119,170.761093,-89.660637,15.11383
0.083008,-1.194336,-0.459473,171.768173,-75.668335,12.405395
0.085693,-1.17749,-0.310059,171.012863,-45.56274,6.248474
-0.000244,-1.08667,-0.422852,160.202026,-5.836486,0.007629
0.012207,-0.969727,-0.622559,147.758484,31.593321,-2.128601
0.174072,-0.976807,-0.73999,149.864197,54.89349,-8.430481
0.290283,-1.067871,-0.73999,161.003098,54.946896,-17.631531
0.348877,-1.157715,-0.664063,174.568161,34.721375,-22.53723
0.32251,-1.216797,-0.524658,179.931625,8.308411,-22.552488
0.238281,-1.207031,-0.347168,178.672775,-12.039184,-20.576475
0.136719,-1.189941,-0.225342,177.72673,-16.685486,-23.185728
0.062012,-1.161621,-0.226563,172.378525,-7.827758,-31.326292
0.029785,-1.078369,-0.424805,160.652145,3.997802,-39.787292
0.079834,-0.987305,-0.625488,151.138306,7.5531,-46.974178
0.215576,-0.969238,-0.639404,150.756836,-5.615234,-51.460262
0.265381,-0.979492,-0.517334,156.982422,-29.891966,-47.096249
0.225098,-1.009277,-0.387451,168.708786,-51.971432,-43.075558
0.148438,-1.02124,-0.284912,171.035751,-64.376831,-42.976376
0.093262,-0.943604,-0.225586,160.819992,-64.674377,-41.435238
0.06958,-0.836426,-0.203857,149.604797,-54.740902,-42.594906
0.053711,-0.773438,-0.198975,141.456604,-41.984554,-46.539303
0.031006,-0.733887,-0.186035,133.415222,-29.602049,-49.903866
0.008789,-0.665039,-0.195801,127.769463,-15.342711,-50.285336
0.007568,-0.623535,-0.292236,125.015251,1.045227,-48.667904
-0.000488,-0.621582,-0.449219,117.362968,14.060973,-48.995968
-0.027588,-0.611084,-0.500244,107.299797,22.415159,-46.630856
-0.014648,-0.593018,-0.421875,99.395744,22.78137,-41.473385
-0.020996,-0.531738,-0.282959,94.635002,23.841856,-37.322998
-0.086426,-0.448975,-0.221436,89.485161,40.283199,-30.288694
-0.055176,-0.436768,-0.223633,85.197441,66.566467,-27.137754
0.063965,-0.473389,-0.265869,79.421997,94.207756,-26.176451
0.181641,-0.499512,-0.322998,71.121216,112.525932,-21.278379
0.257324,-0.464355,-0.374512,63.423153,116.249077,-14.892577
0.250244,-0.354004,-0.486328,56.831356,112.083427,-11.71112
0.075195,-0.269043,-1.214844,66.665649,123.664848,-18.318176
-0.425049,-0.320313,-1.667969,136.985779,203.208908,-35.675049
-0.163574,-0.982422,-1.61377,230.689987,228.912338,-63.194271
0.013184,-1.446289,-1.210938,242.187485,211.959824,-69.93866
-0.103027,-1.457031,-0.574463,187.538132,202.766403,-50.453182
0.120361,-1.390625,-0.296875,126.213066,199.554428,-32.699585
0.493652,-1.336426,-0.144775,84.007256,198.455795,-21.446226
0.710938,-1.32959,0.07373,53.726192,182.029709,-3.440857
0.838135,-1.449463,0.244141,10.2005,143.966675,27.252195
0.812988,-1.459473,0.26416,-34.233093,96.282951,55.351254
0.740723,-1.422607,0.264648,-60.752865,42.236324,64.437866
0.707275,-1.396729,0.272949,-87.722771,-23.300169,75.531006
0.621826,-1.328369,0.220215,-111.381523,-98.464958,92.8955
0.484619,-1.194092,0.11792,-116.371147,-162.826523,100.357048
0.36499,-1.128174,0.091309,-107.482903,-194.282516,99.716179
0.27417,-1.116699,0.095947,-103.012077,-198.814377,101.21154
0.194336,-1.058838,0.086182,-104.606621,-187.103256,99.243156
0.11377,-0.962402,0.05835,-105.400078,-164.787277,91.690056
0.058594,-0.875488,0.027344,-102.203362,-139.282227,80.337517
0.031494,-0.808105,0.003418,-95.260612,-111.854546,67.070007
0.019775,-0.762207,-0.027344,-86.738579,-85.494987,52.108761
0.014404,-0.746582,-0.057373,-78.208923,-60.615536,37.055969
-0.019043,-0.762451,-0.060547,-70.045471,-34.65271,23.353575
-0.049072,-0.782227,-0.059814,-63.568111,-9.284973,13.244628
-0.030273,-0.792969,-0.061279,-60.638424,13.031005,6.958007
-0.014893,-0.8125,-0.067139,-59.249874,32.546997,0.900268
0.013184,-0.855225,-0.084229,-60.142513,50.048824,-6.027221
0.071289,-0.88916,-0.097168,-62.263485,64.77356,-11.924743
0.136719,-0.913818,-0.152832,-62.683102,74.684143,-15.960692
0.184326,-0.937012,-0.218262,-62.065121,78.834534,-16.471863
0.249512,-0.95874,-0.269775,-59.80682,73.951721,-12.222289
0.334717,-1.015869,-0.296387,-53.25317,58.692928,-5.821228
0.378906,-1.125488,-0.329346,-47.431942,34.645081,2.105713
0.355957,-1.205322,-0.393066,-46.119686,4.333496,12.733459
0.309814,-1.222168,-0.446045,-45.791622,-27.641294,24.67346
0.2854,-1.236084,-0.476807,-46.478268,-55.557247,34.164429
0.254883,-1.256104,-0.517334,-50.430294,-75.22583,39.44397
0.22583,-1.24585,-0.561035,-55.793758,-87.265007,40.054321
0.196777,-1.204346,-0.593994,-59.745785,-92.880241,37.773132
0.137939,-1.158203,-0.615234,-61.988827,-90.873711,33.226013
0.073486,-1.121338,-0.649902,-64.964294,-82.580559,27.626036
0.042725,-1.102539,-0.649902,-70.43457,-69.915771,21.286009
0.04541,-1.095459,-0.642822,-77.507019,-55.160519,13.71765
0.05957,-1.089111,-0.65332,-87.135307,-39.588928,5.455017
0.077637,-1.080566,-0.658691,-97.259514,-26.56555,-2.250671
0.101563,-1.072998,-0.652832,-105.758659,-18.745422,-7.659912
0.106201,-1.081787,-0.63916,-112.030022,-14.930724,-10.131835
0.100342,-1.099609,-0.63623,-117.294304,-12.21466,-11.184691
0.080322,-1.104492,-0.617676,-122.375481,-9.529114,-11.848449
0.081787,-1.090088,-0.556152,-126.678459,-6.66809,-11.726378
0.099365,-1.080078,-0.501221,-130.363464,-3.280639,-11.95526
0.114258,-1.053223,-0.467773,-135.185242,-0.411987,-13.137816
0.103516,-1.008301,-0.480713,-142.051697,0.091553,-13.84735
0.083252,-0.957764,-0.508545,-149.742126,-1.571655,-13.168334
0.06958,-0.909424,-0.513672,-155.731201,-3.166198,-12.481688
0.060547,-0.888428,-0.510254,-157.180786,-2.929687,-12.626647
0.050781,-0.906006,-0.479492,-156.112671,2.319336,-13.97705
0.065918,-0.927002,-0.398193,-154.907227,11.665343,-15.800475
0.079346,-0.914795,-0.297363,-154.884338,22.468565,-17.333984
0.089844,-0.861816,-0.247803,-154.983521,32.066345,-19.210815
0.109863,-0.794189,-0.256104,-156.295776,38.116455,-20.76721
0.112793,-0.71167,-0.313477,-163.169846,39.131165,-22.3999
0.104004,-0.614014,-0.385986,-173.377975,36.491394,-24.131773
0.109375,-0.548584,-0.455078,-178.764328,31.677244,-26.756285
0.110596,-0.541016,-0.50293,-176.177963,26.336668,-30.105589
0.110352,-0.601318,-0.499023,-164.855942,21.057127,-32.196045
0.120361,-0.713623,-0.414795,-150.421143,18.127441,-33.325195
0.158447,-0.794434,-0.32959,-144.950867,16.25061,-32.447815
0.171387,-0.783936,-0.305664,-142.730713,11.413573,-28.915403
0.138428,-0.671875,-0.349121,-141.136169,5.386352,-27.473448
0.105957,-0.520996,-0.427734,-139.511108,-0.434875,-25.993345
0.13208,-0.432617,-0.488037,-140.457153,-8.422852,-25.779722
0.148193,-0.378418,-0.601074,-149.154663,-18.569946,-25.207518
0.141846,-0.401367,-0.676025,-147.377014,-28.07617,-26.481627
0.141113,-0.544189,-0.628174,-132.095337,-35.079956,-29.197691
0.127441,-0.717041,-0.498047,-123.031609,-37.055969,-30.357359
0.121582,-0.792969,-0.399902,-124.229424,-31.906126,-28.503416
0.179443,-0.791016,-0.335205,-123.947136,-22.521971,-29.808043
0.240967,-0.667725,-0.384277,-129.104614,-21.820066,-33.279419
0.213379,-0.480957,-0.563721,-135.742188,-28.694151,-34.324646
0.152588,-0.367188,-0.717773,-140.602112,-39.108276,-28.045652
0.122314,-0.341797,-0.80542,-141.189575,-54.359432,-19.371033
0.102295,-0.415771,-0.767334,-127.525322,-69.084167,-17.967224
0.108887,-0.556396,-0.641113,-109.626762,-78.987122,-22.178648
0.143555,-0.616699,-0.601563,-104.591362,-82.649223,-23.216246
0.142334,-0.537842,-0.667725,-109.382622,-83.290092,-19.294739
0.077637,-0.415527,-0.73999,-108.13903,-81.901543,-12.733459
0.010254,-0.320557,-0.75293,-101.028435,-79.025269,-8.262634
-0.033936,-0.268555,-0.744873,-96.42791,-71.166992,-7.759094
-0.071289,-0.269531,-0.782227,-92.109673,-56.419369,-10.292052
-0.084473,-0.301025,-0.818115,-85.868828,-38.711548,-13.252257
-0.083008,-0.305664,-0.838379,-80.169678,-21.789549,-14.846801
-0.07373,-0.246826,-0.896484,-77.728271,-9.19342,-15.701293
-0.026123,-0.140381,-0.942383,-76.477051,-4.631042,-13.885497
0.014404,-0.080078,-0.975098,-69.259644,-11.436461,-9.69696
0.016357,-0.085693,-0.999023,-55.587765,-24.787901,-8.811951
0.005127,-0.144775,-1.010254,-40.542599,-38.024902,-8.293152
-0.026367,-0.207031,-0.983398,-31.837461,-49.743649,-3.77655
-0.078369,-0.192871,-0.971924,-32.691956,-60.768124,3.479004
-0.138916,-0.114014,-1.007568,-39.138794,-68.962097,7.125854
-0.172363,-0.059814,-1.052246,-42.572018,-71.029663,4.226685
-0.178955,-0.05542,-1.037598,-37.780762,-65.77301,-1.457214
-0.160156,-0.099854,-0.999512,-28.915403,-54.199215,-3.837585
-0.157959,-0.157959,-0.970459,-24.246214,-38.032532,-2.792358
-0.150879,-0.179199,-0.989746,-25.291441,-23.635862,-2.677917
-0.14917,-0.140625,-1.043701,-29.388426,-16.281128,-0.259399
-0.152344,-0.069336,-1.040039,-30.34973,-16.487122,3.692627
-0.122803,-0.029785,-1.039063,-25.955198,-23.54431,7.324218
-0.087158,-0.050781,-1.03125,-20.019531,-31.799314,11.436461
-0.097412,-0.112549,-0.981689,-16.326904,-35.636902,16.166687
-0.136719,-0.166016,-0.908203,-15.61737,-31.845091,19.241333
-0.170898,-0.187012,-0.882813,-16.25061,-19.40155,19.210815
-0.210449,-0.137207,-0.927734,-19.111633,-0.679016,16.746521
-0.22998,-0.049072,-0.994141,-23.79608,17.616272,13.008117
-0.196777,-0.008057,-1.027832,-23.750303,32.12738,9.468079
-0.12793,-0.053223,-1.015381,-15.075683,41.099545,9.002686
-0.089111,-0.151855,-0.954834,-5.523681,43.327328,11.634826
-0.100342,-0.211182,-0.880615,-4.837036,38.566589,15.083312
-0.137207,-0.161133,-0.893311,-12.4588,30.418394,16.456604
-0.164063,-0.058594,-0.919678,-20.187376,26.725767,12.245177
-0.139893,0.02002,-0.932617,-18.486023,29.609678,6.233215
-0.075439,0.037354,-0.987549,-7.865905,36.354065,3.692627
-0.006348,0.008545,-1.007568,3.044128,40.542599,4.722595
0.017822,-0.025635,-0.993896,10.406493,38.482666,7.568359
-0.022461,-0.033447,-0.985352,13.923644,33.096313,9.735107
-0.064209,0.022949,-1.046387,15.083312,28.07617,10.025024
-0.077393,0.085938,-1.129883,18.424988,24.688719,8.674622
-0.057861,0.066406,-1.0979,26.924131,19.844055,7.293701
-0.022705,-0.0271,-1.024902,37.246704,13.572692,7.766723
0.000732,-0.117188,-0.963135,42.16766,9.971619,7.911682
0.023438,-0.143311,-0.982666,39.619446,8.735657,6.980896
0.038574,-0.107666,-1.066895,35.072327,8.514404,6.309509
0.079346,-0.068115,-1.117432,34.133911,7.415771,6.385803
0.113525,-0.078125,-1.105469,39.527893,5.424499,8.18634
0.113037,-0.135742,-1.104492,48.294064,2.502441,10.734557
0.083008,-0.197021,-1.124512,55.412289,0.404358,11.337279
0.063721,-0.229004,-1.095215,59.654232,0.488281,9.429932
0.046387,-0.239014,-1.070557,62.622066,2.799988,7.057189
0.021729,-0.247803,-1.060791,63.690182,7.034301,3.40271
0.005615,-0.274414,-1.037842,60.470577,13.252257,-2.960205
0.000488,-0.30249,-0.991699,54.168697,22.560118,-10.56671
0.034424,-0.307373,-1.072998,49.781796,34.164429,-16.609192
0.104248,-0.285889,-1.204346,50.498959,46.340939,-19.325256
0.182373,-0.271484,-1.245361,57.357784,48.957821,-16.983032
0.202881,-0.308594,-1.218994,67.840576,36.354065,-9.819031
0.137207,-0.372559,-1.18042,76.61438,14.373778,-2.700805
0.016846,-0.424316,-1.115723,81.321709,-5.050659,-1.068115
-0.0979,-0.453857,-1.039307,82.054131,-12.916564,-4.798889
-0.172852,-0.44165,-1.013672,80.024719,-7.881164,-9.07135
-0.184082,-0.405273,-1.023926,76.774597,4.524231,-11.795043
-0.124268,-0.383789,-1.07251,77.316284,15.396117,-13.572692
-0.075439,-0.406982,-1.157227,84.648125,18.325806,-14.328002
-0.078369,-0.451416,-1.193115,95.626823,9.056091,-11.726378
-0.077637,-0.508301,-1.108154,106.086723,-10.246276,-6.317138
-0.05957,-0.567383,-0.899414,114.860527,-30.570982,-1.13678
-0.076904,-0.612793,-0.647217,121.849052,-42.823788,2.624511
-0.140625,-0.654785,-0.486816,122.474663,-41.351315,5.119323
-0.223145,-0.676025,-0.446533,111.351006,-23.376463,6.019592
-0.272217,-0.636963,-0.509766,95.504753,6.92749,6.439209
-0.243652,-0.562012,-0.742188,86.97509,37.857056,7.362365
-0.1521,-0.516846,-0.842285,93.467705,53.596493,7.713317
-0.028564,-0.60498,-0.708496,119.392387,43.55621,7.858276
0.040283,-0.818359,-0.458252,149.261475,23.010252,7.492065
0.012451,-1.01709,-0.190918,162.277206,14.328002,9.208679
-0.074219,-1.088867,0.029785,154.052734,29.190062,14.320373
-0.128174,-1.003418,0.111572,134.819031,64.422607,15.99121
-0.116455,-0.84082,0.095459,116.378777,109.367363,9.986877
-0.032227,-0.703125,0.020508,107.719414,147.544861,2.616882
0.102295,-0.665771,-0.101807,107.574455,169.120773,-0.480652
0.209717,-0.762451,-0.158691,121.032707,171.592697,2.922058
0.253418,-0.945068,-0.112061,144.454956,158.798218,9.819031
0.218506,-1.082764,-0.022461,158.01239,141.395569,17.677307
0.137207,-1.092529,0.045166,156.021118,129.882813,25.68054
0.071777,-0.955322,0.060303,149.726868,127.16674,31.272886
0.048828,-0.74707,-0.038818,146.903992,130.241394,32.531738
0.086914,-0.601807,-0.163818,154.556274,131.660461,31.661985
0.187012,-0.619141,-0.242188,179.473862,125.15258,31.929014
0.273193,-0.781738,-0.250977,213.874802,110.305779,34.744263
0.314453,-0.984131,-0.22168,238.555893,90.599052,41.41235
0.290527,-1.108887,-0.199707,247.581467,71.342468,52.284237
0.227539,-1.135498,-0.213379,249.977097,56.77795,60.401913
0.162109,-1.087891,-0.262207,249.992355,48.622128,60.104366
0.126953,-1.005127,-0.362061,249.969467,43.189999,55.290218
0.144287,-0.94458,-0.390869,249.992355,32.020569,50.674435
0.234375,-0.975098,-0.37793,249.916061,11.779784,41.206356
0.266846,-1.066406,-0.333984,249.923691,-3.845215,39.749146
0.259521,-1.142822,-0.199707,241.409286,-10.971068,53.75671
0.235107,-1.161621,-0.143066,216.659531,-9.94873,73.280334
0.166748,-1.140381,-0.157959,197.746262,1.319885,67.78717
0.190918,-1.099854,-0.220215,171.325668,19.493103,51.185604
0.262207,-1.016602,-0.344727,147.30072,45.547482,64.598083
0.171387,-0.9646,-0.361084,150.878906,75.469971,79.849243
0.101318,-1.101807,-0.317139,151.199341,104.026787,62.690731
0.171387,-1.210205,-0.315674,140.098572,128.959656,42.449947
0.174561,-1.234619,-0.308105,127.685539,160.339355,34.858704
0.208008,-1.242432,-0.314453,117.652885,199.005112,31.501768
0.341553,-1.27124,-0.281738,112.129204,226.226791,31.35681
0.401855,-1.349121,-0.239014,105.934135,242.996201,33.119202
0.395508,-1.386963,-0.239014,94.779961,249.992355,45.356747
0.437256,-1.404785,-0.285156,83.183281,249.992355,52.139278
0.455811,-1.425049,-0.476563,74.134827,249.847397,49.674984
0.350098,-1.456787,-0.708008,89.309685,249.992355,44.486996
0.500732,-1.62793,-0.345459,110.458366,249.992355,28.686522
0.991455,-1.740234,-0.253174,67.298889,249.992355,2.746582
1.23877,-1.563721,-0.247314,5.859375,249.992355,-13.298034
1.21167,-1.36792,-0.219482,-33.004761,249.992355,-6.347656
1.085205,-1.189453,-0.19751,-57.044979,240.715012,2.738952
0.957031,-1.032471,-0.162354,-66.368103,164.779648,10.627746
0.826172,-0.925537,-0.10498,-62.667843,75.126648,20.011902
0.716553,-0.862549,-0.063477,-54.00848,4.547119,27.275084
0.648926,-0.804688,-0.049072,-45.295712,-54.206844,33.988953
0.624512,-0.772705,-0.083008,-37.208557,-103.645317,37.376404
0.594971,-0.789795,-0.123047,-30.914305,-147.064209,36.4151
0.520996,-0.821045,-0.170898,-31.86035,-182.38829,33.622742
0.427734,-0.835205,-0.174316,-36.964417,-209.182724,32.875061
0.360107,-0.863037,-0.153809,-40.214535,-225.006088,33.042908
0.303955,-0.906006,-0.115723,-45.089718,-227.310165,30.242918
0.25415,-0.950928,-0.080566,-53.344723,-216.384872,23.590086
0.225342,-0.99292,-0.057617,-62.301632,-193.22966,15.068053
0.20752,-1.020996,-0.053955,-70.785522,-161.697372,4.684448
0.171143,-1.045898,-0.085449,-78.712463,-126.052849,-5.943298
0.15625,-1.073975,-0.084473,-82.878105,-92.155449,-14.091491
0.201904,-1.106445,-0.06665,-84.144585,-62.942501,-20.492552
0.255371,-1.130127,-0.073486,-86.456291,-38.917542,-28.152464
0.309326,-1.121338,-0.113037,-89.99633,-22.460936,-35.667419
0.37085,-1.0896,-0.146973,-91.163628,-13.618468,-42.312618
0.389893,-1.070557,-0.163818,-88.676445,-9.971619,-48.507687
0.39209,-1.053467,-0.190674,-87.188713,-7.720947,-54.809566
0.423096,-1.025879,-0.210205,-86.318962,-6.858825,-62.347408
0.453857,-1.009033,-0.219971,-84.213249,-13.191222,-70.4422
0.451904,-0.999268,-0.228516,-82.038872,-26.588438,-76.965332
0.397705,-0.97998,-0.232666,-81.17675,-40.977474,-81.695549
0.35083,-0.949219,-0.247803,-82.145683,-55.702206,-85.029594
0.313477,-0.919189,-0.248535,-83.786003,-68.458557,-88.142387
0.279297,-0.921143,-0.229492,-84.83886,-77.796936,-90.75164
0.279053,-0.947754,-0.214844,-88.813774,-82.084648,-91.995232
0.289063,-0.951904,-0.200195,-95.66497,-79.727173,-92.8955
0.294678,-0.933105,-0.206543,-102.09655,-73.852539,-92.353813
0.296387,-0.90332,-0.226318,-107.170097,-68.16864,-91.278069
0.293701,-0.87915,-0.265381,-108.665459,-63.446041,-91.445915
0.271973,-0.859131,-0.236328,-105.400078,-58.723446,-92.025749
0.263916,-0.848389,-0.175781,-100.944511,-54.954525,-91.51458
0.260498,-0.838135,-0.160889,-99.456779,-51.094051,-90.957634
0.247559,-0.834961,-0.174561,-101.097099,-48.072811,-90.209953
0.240967,-0.823486,-0.209229,-105.560295,-46.463009,-87.265007
0.231689,-0.803711,-0.261719,-109.443657,-45.372005,-83.786003
0.229248,-0.779541,-0.310547,-107.879631,-45.166012,-81.535332
0.229736,-0.738037,-0.342529,-104.148857,-46.836849,-79.124451
0.218506,-0.666504,-0.317627,-101.661674,-49.530025,-77.24762
0.197266,-0.614014,-0.262695,-98.831169,-51.689144,-77.682495
0.185547,-0.608643,-0.237793,-97.099297,-50.47607,-80.307007
0.202393,-0.693604,-0.307129,-95.329277,-46.173092,-84.609978
0.252197,-0.866699,-0.348145,-92.864983,-39.825439,-88.775627
0.284912,-1.0354,-0.321533,-92.224113,-34.637451,-86.769096
0.269531,-1.055908,-0.275879,-93.986504,-33.180237,-78.971863
0.270996,-0.91626,-0.249268,-97.579948,-35.568237,-71.624756
0.265137,-0.740723,-0.30127,-100.5783,-37.811279,-68.405151
0.276123,-0.657471,-0.4104,-102.622978,-38.017273,-67.993164
0.314697,-0.666504,-0.477783,-105.567924,-36.766052,-66.612244
0.379395,-0.818848,-0.428223,-96.504204,-38.703918,-64.460754
0.392578,-1.071533,-0.324951,-81.954948,-44.769283,-62.660213
0.3125,-1.19751,-0.271484,-80.039978,-50.567623,-60.722347
0.271484,-1.084961,-0.303711,-87.379448,-52.101131,-56.854244
0.279541,-0.874512,-0.393555,-100.46386,-49.423214,-48.835751
0.225098,-0.722168,-0.523926,-115.310661,-40.206905,-43.251034
0.212891,-0.709717,-0.640869,-115.241997,-31.143187,-53.367611
0.278076,-0.840576,-0.667236,-97.854607,-23.79608,-72.853088
0.366211,-1.046387,-0.57251,-73.936462,-22.315977,-86.242668
0.441162,-1.169678,-0.410645,-58.937069,-29.151915,-86.21978
0.445068,-1.114746,-0.321777,-62.408443,-41.740414,-74.371338
0.391846,-0.943848,-0.368164,-77.804565,-54.870602,-64.888
0.299072,-0.790283,-0.499512,-91.232292,-59.417721,-63.995358
0.185791,-0.709473,-0.678467,-94.245903,-53.588863,-71.19751
0.20752,-0.692871,-0.807129,-82.077019,-42.533871,-80.833427
0.36084,-0.74585,-0.79541,-59.837337,-31.85272,-82.969658
0.407959,-0.845215,-0.698242,-44.044491,-31.517027,-76.004028
0.372314,-0.862793,-0.628174,-44.860836,-38.871765,-70.877075
0.343506,-0.790283,-0.617676,-51.040646,-43.022152,-67.146301
0.343506,-0.709717,-0.647461,-54.527279,-43.083187,-59.547421
0.367676,-0.655029,-0.702637,-57.968136,-44.342037,-49.942013
0.396484,-0.629639,-0.794434,-62.080379,-52.543636,-43.205257
0.371582,-0.613037,-0.867188,-64.750671,-66.184998,-40.924068
0.29541,-0.596436,-0.880371,-63.392635,-79.13208,-41.801449
0.23877,-0.590332,-0.853271,-60.066219,-83.251945,-44.639584
0.211182,-0.56958,-0.804688,-60.508724,-72.685242,-50.125118
0.225342,-0.505371,-0.795166,-62.355038,-54.801937,-53.398129
0.270996,-0.451416,-0.819336,-61.035152,-40.885921,-52.330013
0.342773,-0.463135,-0.839111,-57.304379,-39.779663,-48.820492
0.395752,-0.500977,-0.843262,-53.787228,-54.939266,-43.899532
0.408447,-0.534912,-0.848145,-53.63464,-81.18438,-37.590027
0.326172,-0.507324,-0.862061,-58.837887,-104.843132,-31.204222
0.221191,-0.441162,-0.857422,-64.491272,-114.57061,-27.175901
0.152344,-0.398682,-0.833984,-63.095089,-106.063835,-26.786802
0.10791,-0.381836,-0.8396,-57.754513,-86.181633,-26.657103
0.093994,-0.355469,-0.852539,-58.624264,-65.887451,-25.894163
0.108398,-0.302246,-0.845947,-65.185547,-51.803585,-26.763914
0.147705,-0.239258,-0.840332,-70.678711,-44.273373,-29.83856
0.166504,-0.168213,-0.845215,-73.577881,-41.038509,-31.166075
0.179443,-0.111572,-0.854004,-74.371338,-42.495724,-28.144835
0.217285,-0.10376,-0.885254,-69.618225,-49.591061,-23.735044
0.24292,-0.176025,-0.879395,-57.258602,-61.56921,-20.820616
0.232666,-0.245605,-0.814453,-46.005245,-75.59967,-17.555237
0.178223,-0.250732,-0.769775,-47.317501,-86.72332,-11.337279
0.11377,-0.185791,-0.79126,-57.205196,-91.392509,-5.325317
0.066895,-0.113525,-0.869385,-60.340878,-86.715691,-3.15094
0.039795,-0.100342,-0.938477,-54.534908,-74.066162,-3.173828
0.022705,-0.138916,-0.963623,-47.698971,-59.257504,-2.601623
0.027832,-0.17627,-0.959961,-44.746395,-46.791073,-1.571655
0.046143,-0.1875,-0.957031,-42.572018,-36.773682,-0.610352
0.039795,-0.189453,-0.939453,-38.322449,-26.80969,0.068665
0.023926,-0.192139,-0.894775,-33.195496,-16.593933,0.862122
0.033691,-0.190186,-0.866699,-30.487059,-8.178711,4.119873
0.073242,-0.182861,-0.901123,-32.600403,-3.974914,8.239746
0.127686,-0.18042,-0.977539,-35.209656,-6.790161,13.107299
0.144775,-0.199219,-1.025879,-33.294678,-16.052246,20.568846
0.099609,-0.211182,-1.010742,-28.060911,-26.359556,28.160093
0.02417,-0.184814,-0.991943,-24.429319,-29.823301,31.524656
-0.02124,-0.13501,-1.024658,-21.072386,-20.51544,30.158995
-0.021729,-0.103027,-1.029541,-11.634826,0.610352,27.145384
0.026855,-0.093994,-0.958252,2.616882,24.29199,24.757383
0.111084,-0.092285,-0.92041,14.213561,37.841797,24.841307
0.199707,-0.107178,-0.989014,20.03479,34.309387,26.344297
0.232178,-0.156006,-1.091553,24.459837,17.494202,26.19171
0.194824,-0.212158,-1.164551,31.036375,-3.829956,23.803709
0.146729,-0.237549,-1.177734,35.850525,-21.621702,20.606993
0.126953,-0.225342,-1.154785,37.757874,-29.800413,17.913818
0.121338,-0.206055,-1.110107,41.137691,-26.756285,14.640807
0.113525,-0.20752,-1.05542,47.889706,-16.067505,10.147094
0.100098,-0.200195,-1.063721,54.229733,-2.738952,5.821228
0.089111,-0.165527,-1.152344,54.946896,7.919311,2.784729
0.097656,-0.159912,-1.19873,54.252621,10.612487,1.304626
0.120117,-0.225342,-1.162598,60.9436,3.990173,1.342773
0.119873,-0.32666,-1.095947,70.114136,-6.034851,1.89209
0.08374,-0.391357,-1.035645,72.105408,-12.809752,2.670288
0.037598,-0.385254,-1.016602,68.107605,-13.22174,4.371643
0.01123,-0.343506,-0.949463,65.986633,-6.431579,6.42395
0.005615,-0.316406,-0.838867,69.290161,3.242492,9.140015
0.009766,-0.312744,-0.755859,76.080322,10.864257,12.245177
0.0271,-0.329346,-0.724121,84.762566,9.162903,13.748168
0.07251,-0.401611,-0.697021,92.26989,-2.662658,12.168883
0.116455,-0.523193,-0.61084,93.261711,-16.815186,6.225585
0.108643,-0.630859,-0.458984,87.783806,-23.338316,0.297546
0.029541,-0.674316,-0.36792,81.832878,-16.571045,-0.022888
-0.050049,-0.638916,-0.398438,73.905945,3.517151,3.639221
-0.061035,-0.539795,-0.465332,65.39917,28.366087,5.378723
-0.0354,-0.475342,-0.640625,69.18335,47.07336,3.570556
-0.059814,-0.495117,-0.75415,87.669365,52.696224,0.831604
-0.068848,-0.570068,-0.646729,115.379326,39.848328,-0.022888
-0.088135,-0.676025,-0.508057,137.59613,21.980284,-1.121521
-0.20459,-0.781006,-0.319092,144.973755,17.463684,-2.815246
-0.313721,-0.839111,-0.077637,151.786804,28.343199,-1.403808
-0.235352,-0.852783,-0.159912,150.749207,52.848812,-1.930237
-0.005371,-0.800781,-0.422119,135.765076,81.527702,-4.760742
0.258301,-0.802246,-0.657959,144.607544,85.395805,2.296448
0.350098,-0.939453,-0.716309,178.680405,60.928341,16.685486
0.26709,-1.125,-0.522217,210.639938,22.216795,34.851074
0.100342,-1.282715,-0.230469,222.511276,-4.898071,50.765987
-0.143555,-1.371338,-0.166504,207.313522,-0.816345,53.604122
-0.300781,-1.258301,-0.378662,171.661362,26.733397,44.692989
-0.158936,-1.020752,-0.635498,150.749207,52.963253,32.569885
0.081787,-0.954346,-0.720703,169.586166,59.494015,21.179197
0.282715,-1.146484,-0.555176,204.200729,40.832516,17.601013
0.361572,-1.415283,-0.299316,218.43718,14.686584,28.015135
0.265625,-1.584473,-0.151611,206.809982,4.898071,45.249935
0.082031,-1.616211,-0.133545,191.101059,22.140501,53.016659
-0.101074,-1.537109,-0.371338,180.236801,63.514706,47.5769
-0.068848,-1.43042,-0.675049,177.215561,110.900871,38.17749
0.170654,-1.435791,-0.671387,199.66124,141.197205,25.199888
0.36792,-1.576172,-0.495361,221.031174,141.830444,1.945495
0.44458,-1.659668,-0.2854,224.494919,125.564568,5.645751
0.354736,-1.565918,-0.135986,218.147263,114.128105,39.543152
0.260498,-1.416992,-0.05249,206.390366,115.58532,66.963196
0.206543,-1.354004,-0.07959,192.321762,132.568359,64.399719
0.243652,-1.255371,-0.244873,170.822128,150.024414,44.410702
0.330811,-1.140625,-0.388428,155.754089,159.080505,34.088135
0.415771,-1.134033,-0.4375,158.493042,158.416748,24.55139
0.443115,-1.192383,-0.430908,163.444504,147.460938,18.302917
0.407471,-1.228027,-0.391113,164.161667,134.841919,19.538879
0.337646,-1.195068,-0.358887,159.660339,131.286621,20.828245
0.270752,-1.121338,-0.38208,149.734497,138.61084,16.731262
0.235107,-1.016846,-0.381592,138.237,153.72467,10.437011
0.230957,-0.901855,-0.349609,127.464287,173.545822,6.111145
0.216553,-0.759277,-0.344238,116.676323,198.677048,6.080627
0.171631,-0.617676,-0.339355,109.848015,236.358627,11.238097
0.179932,-0.533447,-0.295898,108.924858,249.992355,13.008117
0.270752,-0.522217,-0.230469,110.481255,249.992355,10.437011
0.362305,-0.52124,-0.186279,103.431694,249.641403,3.181457
0.458252,-0.5271,-0.194092,89.469902,249.992355,0.175476
0.512451,-0.539551,-0.193115,77.24762,249.992355,4.798889
0.50293,-0.537842,-0.171875,64.949036,249.992355,7.736206
0.402344,-0.534424,-0.118652,51.74255,249.992355,4.196167
0.381104,-0.526855,-0.057373,34.317017,249.992355,-3.501892
0.533936,-0.515625,-0.009766,20.019531,249.992355,-20.187376
0.674561,-0.535156,0.031006,8.682251,249.992355,-45.028683
0.766602,-0.599365,0.048828,-9.162903,249.992355,-61.859127
0.823242,-0.64624,0.020264,-32.432556,249.732956,-58.601376
0.808594,-0.653076,0.009277,-50.209042,231.307968,-42.92297
0.811768,-0.665283,0.050781,-59.120174,190.223679,-28.549192
0.894531,-0.724854,0.090576,-65.414429,151.313782,-17.89856
0.931396,-0.798828,0.114746,-69.229126,120.903008,-7.04956
1.016602,-0.931396,0.162598,-70.594788,87.867729,2.876281
1.091553,-1.081787,0.226074,-76.774597,48.423763,19.973755
1.085449,-1.1875,0.28418,-86.936943,7.125854,39.360046
1.085693,-1.262939,0.342041,-98.518364,-30.448912,52.673336
1.056396,-1.266846,0.370361,-110.328667,-61.614986,63.400265
1.009521,-1.182861,0.352539,-116.34063,-88.882439,68.595886
0.994141,-1.062012,0.311768,-113.731377,-113.212578,61.920162
0.964111,-0.935059,0.249268,-105.422966,-133.079529,46.897884
0.902588,-0.83667,0.213867,-92.170708,-146.705627,26.573179
0.851318,-0.768066,0.194824,-77.583313,-153.121948,2.89917
0.784668,-0.718506,0.179199,-62.042233,-151.618958,-22.041319
0.681885,-0.708496,0.147705,-43.746944,-143.623352,-46.188351
0.618896,-0.729492,0.106445,-23.986814,-133.19397,-71.220398
0.658691,-0.754883,0.088623,-8.659363,-124.740593,-99.723808
0.75293,-0.824951,0.113037,7.141113,-120.155327,-127.532951
0.846436,-0.952637,0.187256,25.924681,-117.362968,-153.045654
0.881104,-1.086182,0.23999,43.457027,-114.830009,-172.378525
0.874023,-1.158691,0.275391,60.897823,-114.265434,-185.096725
0.868408,-1.159424,0.3396,75.592041,-118.10302,-199.142441
0.822266,-1.19458,0.422607,87.7304,-118.400566,-214.01976
0.875244,-1.255859,0.509521,97.43499,-113.838188,-228.454575
0.948242,-1.289063,0.584473,100.868217,-113.067619,-238.708481
0.924316,-1.313721,0.654785,101.34124,-116.180412,-244.674667
0.905273,-1.338867,0.697754,100.013725,-119.255058,-248.435959
0.918701,-1.35376,0.69873,96.786491,-122.184746,-249.992355
0.907959,-1.347168,0.682861,92.8955,-125.968925,-249.992355
0.876953,-1.321533,0.659912,88.973991,-129.310608,-249.771103
0.829834,-1.273438,0.659424,85.960381,-128.585815,-248.649582
0.843262,-1.20752,0.656494,85.708611,-123.062126,-246.444687
0.938721,-1.179932,0.604004,89.813225,-117.820732,-245.002731
0.943604,-1.171875,0.5625,92.384331,-117.988579,-245.422348
0.924316,-1.150879,0.560547,99.082939,-126.945488,-241.783127
0.970215,-1.095459,0.594727,113.327019,-139.328003,-243.911728
0.995117,-1.014893,0.686768,130.332947,-151.550293,-249.992355
0.949951,-0.951416,0.802734,140.663147,-162.788376,-249.992355
0.912109,-0.955811,0.89502,148.399353,-164.833054,-249.885544
0.831543,-0.967285,0.85498,155.36499,-150.291443,-248.817429
0.74707,-0.898926,0.809082,152.633667,-128.089905,-240.043625
0.824463,-0.797119,0.80127,156.028748,-108.894341,-232.398972
0.918457,-0.722656,0.790527,172.248825,-102.775566,-234.329208
0.903076,-0.700439,0.808105,190.658554,-115.554802,-232.315048
0.791504,-0.682861,0.807373,201.087936,-134.895325,-221.008286
0.69458,-0.656006,0.773438,204.57457,-152.22168,-207.267746
0.606445,-0.63501,0.713379,203.758224,-166.297897,-194.648727
0.533203,-0.63916,0.647461,201.576218,-175.659164,-180.488571
0.53833,-0.648438,0.56665,198.860153,-179.092392,-163.169846
0.65918,-0.624023,0.514893,199.821457,-179.36705,-146.247864
0.687744,-0.571289,0.491943,209.045395,-182.464584,-133.125305
0.579834,-0.552246,0.45752,219.367966,-195.068344,-120.475761
0.50293,-0.550781,0.42041,224.769577,-213.64592,-103.759758
0.43457,-0.536377,0.380371,224.876389,-230.255112,-90.576164
0.32373,-0.512451,0.369141,222.900375,-242.462143,-82.740776
0.215088,-0.49707,0.336426,216.728195,-247.276291,-77.453613
0.169922,-0.495605,0.273682,205.497726,-243.194565,-72.525024
0.2229,-0.476563,0.23584,191.253647,-232.460007,-68.962097
0.260742,-0.440918,0.188965,175.315842,-218.872055,-68.267822
0.223877,-0.39209,0.134521,161.239609,-209.091171,-65.811157
0.155518,-0.340576,0.100586,152.870178,-201.576218,-58.685299
0.062744,-0.301758,0.041504,149.337769,-191.009506,-50.010677
0.026611,-0.322266,0.008301,147.491455,-179.351791,-44.105526
0.070557,-0.358154,-0.010498,142.326355,-174.018845,-41.114803
0.135742,-0.366699,-0.030273,134.979248,-173.477158,-39.512634
0.161133,-0.410645,-0.167236,131.111145,-172.203049,-39.497375
0.164551,-0.544922,-0.350586,130.645752,-169.776901,-37.895203
0.141602,-0.671387,-0.442627,118.392937,-170.135483,-30.448912
0.054688,-0.708984,-0.509277,90.454094,-170.555099,-22.125242
-0.078857,-0.669922,-0.540283,56.854244,-164.009079,-18.058777
-0.170898,-0.5896,-0.549561,26.573179,-148.017883,-15.846251
-0.202148,-0.501709,-0.534912,3.936767,-123.497002,-15.914916
-0.154297,-0.425537,-0.492188,-11.642455,-93.261711,-17.883301
-0.004639,-0.37793,-0.422607,-22.377012,-64.247131,-18.501282
0.177979,-0.352051,-0.389648,-30.433653,-46.150204,-17.13562
0.295898,-0.340576,-0.45166,-36.888123,-44.654842,-14.129638
0.280762,-0.328369,-0.531738,-43.739315,-53.825375,-11.550902
0.15625,-0.290771,-0.552979,-51.795956,-59.852596,-11.123656
0.054443,-0.213623,-0.542725,-57.66296,-53.62701,-7.789611
-0.069824,-0.054688,-0.513916,-57.769772,-18.4021,-11.421203
0.060791,0.029541,-0.530762,-45.631405,39.253235,-34.347534
0.414307,-0.003418,-0.490723,-27.732847,77.217102,-36.369324
0.666992,-0.030518,-0.412598,-13.97705,84.548943,-23.178099
0.727051,-0.067383,-0.380371,-2.89917,71.983337,-19.096375
0.678467,-0.111572,-0.398682,2.380371,55.847164,-21.881102
0.637695,-0.119385,-0.419434,-0.061035,49.018856,-25.741575
0.587891,-0.05957,-0.452148,-6.217956,55.709835,-28.95355
0.567383,0.019043,-0.484863,-7.17163,74.043274,-32.997131
0.635986,0.057373,-0.518066,-0.984192,93.215935,-34.645081
0.768799,0.031738,-0.536865,7.8125,102.767937,-31.089781
0.918945,-0.003662,-0.550293,15.411376,98.419182,-22.064207
1.021729,-0.009033,-0.568359,21.64459,82.099907,-12.489318
1.108643,0.002686,-0.592041,27.008055,59.188839,-6.187438
1.152832,-0.004883,-0.624023,32.150269,37.612915,-3.181457
1.070313,-0.037109,-0.658691,36.071777,23.269651,-2.906799
0.898926,-0.072266,-0.710205,36.193848,19.981384,-4.058838
0.786133,-0.087402,-0.743896,33.13446,31.883238,-4.966736
0.818848,-0.086426,-0.775635,29.953001,58.235165,-7.873535
0.928467,-0.094482,-0.779785,29.533384,87.394707,-12.878417
1.062744,-0.103271,-0.77832,28.83148,108.100883,-17.623901
1.169678,-0.115967,-0.784424,26.855467,116.828911,-21.415709
1.218506,-0.127197,-0.783691,24.55139,112.43438,-22.216795
1.23999,-0.112061,-0.762695,21.308897,98.785393,-22.094725
1.265625,-0.072998,-0.742432,17.807007,80.909721,-22.918699
1.259277,-0.052979,-0.73877,16.456604,62.545773,-21.369932
1.236572,-0.09375,-0.749512,16.609192,44.670101,-19.676208
1.161621,-0.137207,-0.746826,13.229369,32.814026,-17.807007
1.069092,-0.163086,-0.723877,7.156372,27.748106,-19.340515
1.014404,-0.165771,-0.699707,-0.053406,27.44293,-21.987913
1.005127,-0.123047,-0.677734,-7.469177,30.029295,-24.681089
1.026611,-0.064209,-0.644043,-12.748717,31.318663,-25.817869
1.080078,-0.010742,-0.618652,-14.671325,29.518126,-23.910521
1.156006,0.016602,-0.604492,-12.855529,25.596617,-19.760132
1.217773,0.019531,-0.569824,-8.758545,17.539978,-13.809203
1.256836,0.013916,-0.554688,-3.341675,4.989624,-6.752014
1.271484,0.018555,-0.553955,3.40271,-9.407043,1.533508
1.277344,0.018799,-0.560547,10.047912,-20.03479,10.307311
1.253906,-0.000244,-0.570801,16.311646,-20.416258,16.677856
1.225342,-0.013916,-0.588623,20.530699,-12.825011,20.683287
1.205811,-0.039551,-0.599121,22.735594,-4.753113,22.926329
1.183838,-0.069092,-0.599854,23.757933,1.693725,23.612974
1.13916,-0.091309,-0.592773,24.29962,6.080627,26.069639
1.079102,-0.093994,-0.58667,23.468016,9.544373,28.976439
1.018555,-0.066895,-0.590576,22.377012,10.719298,29.106138
0.941162,-0.059814,-0.573486,23.353575,8.934021,27.961729
0.891602,-0.056396,-0.587891,24.253843,1.579285,30.937193
0.780029,-0.106689,-0.529541,26.496885,-5.935668,42.175289
0.66626,-0.108887,-0.524414,27.481077,-10.482787,62.644955
0.638184,-0.097168,-0.521484,28.678892,-14.991759,77.682495
0.672607,-0.124023,-0.451904,31.867979,-27.809141,89.820854
0.690674,-0.15625,-0.457275,38.589478,-33.454895,101.577751
0.692871,-0.2229,-0.319092,46.333309,-35.28595,110.725395
0.478027,-0.314209,-0.292236,46.157833,6.515502,112.495415
0.576416,-0.364014,-0.300049,44.204708,43.258663,120.704643
0.655029,-0.37915,-0.214844,51.856991,75.233459,126.846306
0.68042,-0.397705,-0.119141,67.810059,100.059502,126.480095
0.739014,-0.444092,-0.005371,86.463921,115.760796,124.870293
0.847168,-0.500488,0.135498,102.325432,115.95916,121.551506
0.822266,-0.568359,0.209717,104.415886,102.462761,122.230522
0.743652,-0.571533,0.2854,91.590874,91.911308,133.995056
0.774902,-0.618408,0.396484,83.145134,102.455132,138.023376
0.861816,-0.736328,0.39917,64.735413,110.069267,156.227112
0.670898,-0.861572,0.27124,34.835815,113.510124,193.962082
0.387695,-0.986084,0.198242,6.591796,128.875732,221.359238
0.290771,-1.044678,0.15625,-25.184629,160.125732,201.91954
